V2,KK7LHY,W7W/KG-116,30/04/2023,01:30,144MHz,FM,N0PBR,,"146.56, other station mobile in Woodinville"
V2,KK7LHY,W7W/KG-116,30/04/2023,01:45,144MHz,FM,N7XS,,"146.52, other station mobile to Monroe"
V2,KK7LHY,W7W/KG-116,30/04/2023,01:45,144MHz,FM,K7CH,,146.52
V2,KK7LHY,W7W/KG-116,30/04/2023,01:45,144MHz,FM,AE7VG,,146.52
V2,KK7LHY,W7W/KG-116,30/04/2023,01:45,144MHz,FM,KF7VWA,,146.52
V2,KK7LHY,W7W/KG-116,30/04/2023,01:45,144MHz,FM,W6TS,,146.52
V2,KK7LHY,W7W/KG-116,30/04/2023,01:45,144MHz,FM,KB7RYY,,146.52
V2,KK7LHY,W7W/KG-116,30/04/2023,01:45,144MHz,FM,KJ7AAI,,146.52
V2,KK7LHY,W7W/KG-132,18/05/2023,02:00,144MHz,FM,KJ7SXR,,"Joel in Roy, WA"
V2,KK7LHY,W7W/RS-026,22/07/2023,21:15,144MHz,FM,KG7EJT,,"First S2S! 59 59, Tim on Tahtlum Peak"
V2,KK7LHY,W7W/KG-055,30/07/2023,17:05,144MHz,FM,K7CX,,"146.52, 59 to me, 47 from me, Nelson in Burien"
V2,KK7LHY,W7W/KG-055,30/07/2023,17:07,144MHz,FM,WA7GNP,,"146.52, 59 to me, 59 from me, Jerry in Kent"
V2,KK7LHY,W7W/KG-055,30/07/2023,17:09,144MHz,FM,AG7OO,,"146.52, 47 to me, 44 from me, Kevin in Olympia"
V2,KK7LHY,W7W/KG-055,30/07/2023,17:11,144MHz,FM,KJ7ZIR,,"146.52, 57 to me, 33 from me, Toby in West Seattle"
V2,KK7LHY,W7W/CW-106,30/07/2023,20:35,144MHz,FM,KJ7IGS/M,,"146.52, 47 to me, 56 from me, Paul driving through Snoqualmie Pass"
V2,KK7LHY,W7W/CW-106,30/07/2023,20:40,144MHz,FM,KK7KDJ/M,,"146.52, 59 to me, 59 from me, John @ mile marker 76 on I-90"
V2,KK7LHY,W7W/CW-106,30/07/2023,21:20,144MHz,FM,K7MTD/M,,"146.52, 59 to me, 57 from me, Dave @ rest stop in Snoqualmie Pass"
V2,KK7LHY,W7W/CW-106,30/07/2023,23:15,144MHz,FM,KI7QIV/P,,"146.52, 59 to me, 59 from me, Jeff on Mount Thompson"
V2,KK7LHY/P,W7W/KG-113,05/08/2023,15:44,144MHz,FM,K6IR,,"146.58, 59 to me, 57 from me, John in Kent"
V2,KK7LHY/P,W7W/KG-113,05/08/2023,15:53,144MHz,FM,KF7SDL,,"146.58, 59 to me, 59 from me, Chuck in Maple Valley"
V2,KK7LHY/P,W7W/KG-113,05/08/2023,15:59,144MHz,FM,N7LHK,,"146.58, 59 to me, 43 from me, Rick in Maple Valley"
V2,KK7LHY/P,W7W/KG-113,05/08/2023,16:24,144MHz,FM,KJ7ZIR,,"146.52, 59 to me, 33 from me, Toby in West Seattle"
V2,KK7LHY/P,W7W/KG-044,06/08/2023,00:27,144MHz,FM,K7JRO,,"146.52, 55 to me, 55 from me, John in Sammamish"
V2,KK7LHY/P,W7W/KG-044,06/08/2023,00:28,144MHz,FM,K7GYB/M,,"146.52, 59 to me, 58 from me, David near Smokey Point"
V2,KK7LHY/P,W7W/KG-044,06/08/2023,00:29,144MHz,FM,KE7JWP,,"146.52, 59 to me, 59 from me, Chuck in Redmond"
V2,KK7LHY/P,W7W/KG-044,06/08/2023,00:31,144MHz,FM,AC7MA,,"146.52, 47 to me, 59 from me, Richard in Redmond"
V2,KK7LHY/P,W7W/KG-044,06/08/2023,00:43,144MHz,FM,KB7LYD/M,,"146.52, 59 to me, 59 from me, John"
V2,KK7LHY/P,W7W/KG-044,06/08/2023,23:23,144MHz,FM,VA7OTC/P,,"146.52, 59 to me, 59 from me, John. First international contact, new distance record (110.5 miles)!"
V2,KK7LHY/P,W7W/KG-044,06/08/2023,23:25,144MHz,FM,N7XS,,"146.52, 59 to me, 59 from me, Dean in Anacortes"
V2,KK7LHY/P,W7W/KG-044,06/08/2023,23:28,144MHz,FM,KF7VWA,,"146.52, 59 to me, 59++ from me, John in Shelton"
V2,KK7LHY/P,W7W/KG-044,06/08/2023,23:29,144MHz,FM,AE7VG,,"Marlene, same as above"
V2,KK7LHY/P,W7W/KG-044,06/08/2023,23:30,144MHz,FM,WE7U,,"146.52, 59 to me, 59+ from me, Curt in Snohomish"
V2,KK7LHY/P,W7W/KG-044,06/08/2023,23:32,144MHz,FM,WA7JNJ/M,,"146.52, 59 to me, 59 from me, James"
V2,KK7LHY/P,W7W/KG-044,06/08/2023,23:33,144MHz,FM,KJ7AAI,,"146.52, 59 to me, 59 from me, Jeff in Redmond"
V2,KK7LHY/P,W7W/KG-044,06/08/2023,23:34,144MHz,FM,N7CVW,,"146.52, 59 to me, 47 from me, Bob in Trafton Lake (Anacortes) CN88QF"
V2,KK7LHY/P,W7W/KG-044,06/08/2023,23:36,144MHz,FM,KV7TYF,,"146.52, 59 to me, 44 from me, Charlie in Poulsbo (unsure of call)"
V2,KK7LHY/P,W7W/KG-044,06/08/2023,23:38,144MHz,FM,KA7RRA/M,,"146.52, 59 to me, 59 from me, Dave on I-5"
V2,KK7LHY/P,W7W/KG-044,06/08/2023,23:40,144MHz,FM,KK7AGT,,"146.52, 34 to me, 44 from me, Bjorn in Port Orchard (also on a 5W HT!)"
V2,KK7LHY/P,W7W/KG-092,13/08/2023,17:27,144MHz,FM,WX7EMT/P,,"146.52, 59 to me, 59 from me, Chris on Granite Mountain"
V2,KK7LHY/P,W7W/KG-092,13/08/2023,17:35,144MHz,FM,WA7GNP,,"146.52, 59 to me, 59 from me, Jerry in Kent"
V2,KK7LHY/P,W7W/KG-092,13/08/2023,17:37,144MHz,FM,WE7U,,"146.52, 59 to me, 55 from me, Curt in Snohomish"
V2,KK7LHY/P,W7W/KG-092,13/08/2023,17:53,144MHz,FM,K7JRO,,"146.52, 59 to me, 57 from me, John in Sammamish"
V2,KK7LHY/P,W7W/KG-092,13/08/2023,17:55,144MHz,FM,WU7H,,"146.52, 59 to me, 53 from me, Josh in Lake Forest Park"
V2,KK7LHY/P,W7W/KG-092,13/08/2023,17:57,144MHz,FM,KJ7ZIR,,"146.52, 59 to me, 59 from me, Toby in West Seattle"
V2,KK7LHY/P,W7W/KG-092,13/08/2023,17:59,144MHz,FM,KC6FLG/M,,"146.52, 59 to me, 47 from me, Kevin on SR3"
V2,KK7LHY/P,W7W/KG-092,13/08/2023,18:07,144MHz,FM,N7LHK,,"146.52, 59 to me, 59 from me, Rick in Maple Valley"
V2,KK7LHY/P,W7W/KG-092,13/08/2023,18:17,144MHz,FM,N7FX,,"146.56, 47 to me, 57 from me, Kevin on Bainbridge Island"
V2,KK7LHY/P,W7W/KG-092,13/08/2023,18:18,144MHz,FM,AC7MA,,"146.56, 55 to me, 59 from me, Richard in Redmond"
V2,KK7LHY/P,W7W/KG-092,13/08/2023,18:20,144MHz,FM,KA7CEE,,"146.56, 59 to me, 59 from me, Wayne in Kent"
V2,KK7LHY/P,W7W/KG-092,13/08/2023,18:22,144MHz,FM,KG7EJT/P,,"146.56, 47 to me, 58 from me, Tim in Kenmore"
V2,KK7LHY/P,W7W/KG-092,13/08/2023,18:25,144MHz,FM,NW7M/M,,"146.56, 59 to me, 59 from me, Alex near Seatac"
V2,KK7LHY/P,W7W/KG-121,20/08/2023,22:35,144MHz,FM,K7JRO,,"146.58, 33 to me, 53 from me, John in Sammamish"
V2,KK7LHY/P,W7W/KG-121,20/08/2023,22:38,144MHz,FM,K3OG,,"146.58, 47 to me, 12 from me, Peter in Sammamish"
V2,KK7LHY/P,W7W/KG-121,20/08/2023,22:41,144MHz,FM,K6IR,,"146.58, 59 to me, 59 from me, John in Kent"
V2,KK7LHY/P,W7W/KG-121,20/08/2023,22:43,144MHz,FM,WW7D/P,,"146.58, 33 to me, 33 from me, Darryl on Tinkham Peak West"
V2,KK7LHY/P,W7W/KG-121,20/08/2023,22:47,144MHz,FM,W7DLZ/P,,"146.58, 12 to me, 33 from me, Derek on Tinkham Peak West"
V2,KK7LHY/P,W7W/KG-073,27/08/2023,18:00,144MHz,FM,W7NY/AM,,"146.52, 59 to me, 59 from me, Bill in a Piper Cherokee"
V2,KK7LHY/P,W7W/KG-073,27/08/2023,18:30,144MHz,FM,N7MKO/P,,"146.52, 33 to me, 55 from me, Stephen in Frank Raab Park running 1 watt"
V2,KK7LHY/P,W7W/KG-073,27/08/2023,18:39,144MHz,FM,K7JRO/P,,"146.58, 44 to me, 55 from me, John on North Grand Ridge"
V2,KK7LHY/P,W7W/KG-073,27/08/2023,18:41,144MHz,FM,KK7HMD,,"146.58, 59 to me, 59 from me, Geoff in Bellevue"
V2,KK7LHY/P,W7W/KG-073,27/08/2023,18:43,144MHz,FM,KF7NYC/MM,,"146.58, 47 to me, 44 from me, James"
V2,KK7LHY/P,W7W/KG-073,27/08/2023,18:46,144MHz,FM,WA7BEN,,"146.58, 47 to me, 59 from me, Ben in NE Seattle"
V2,KK7LHY/P,W7W/KG-073,27/08/2023,18:48,144MHz,FM,KB7RYY,,"146.58, 59 to me, 44 from me, Dan in S Bellevue"
V2,KK7LHY/P,W7W/KG-084,27/08/2023,21:09,144MHz,FM,W7NN,,"146.58, 59 to me, 59 from me, Ron in Tumwater"
V2,KK7LHY/P,W7W/KG-084,27/08/2023,21:41,144MHz,FM,KC6FLG/M,,"146.52, 59 to me, 47 from me, Kevin on US101 near WA3 and Shelton"
V2,KK7LHY/P,W7W/KG-084,27/08/2023,21:43,144MHz,FM,KK7KDJ,,"146.52, 59 to me, 59 from me, John in Cle Elum"
V2,KK7LHY/P,W7W/KG-084,27/08/2023,21:56,144MHz,FM,N7XS,,"146.52, 59 to me, 57 from me, Dean on Camano Island"
V2,KK7LHY/P,W7W/KG-084,27/08/2023,22:00,144MHz,FM,KB7AF,,"146.52, 47 to me, 45 from me, Steven in Renton"
V2,KK7LHY/P,W7W/KG-043,28/08/2023,00:11,144MHz,FM,N7NWT,,"146.58, 59 to me, 59 from me, Nate in Tacoma"
V2,KK7LHY/P,W7W/KG-043,28/08/2023,00:13,144MHz,FM,W7NN,,"146.58, 59 to me, 59 from me, Ron in Tumwater"
V2,KK7LHY/P,W7W/KG-043,28/08/2023,00:14,144MHz,FM,WW7D,,"146.58, 59 to me, 54 from me, Darryl in Redmond"
V2,KK7LHY/P,W7W/KG-043,28/08/2023,00:15,144MHz,FM,KB7RYY,,"146.58, 59 to me, 33-44 from me, Dan in S Bellevue"
V2,KK7LHY/P,W7W/KG-043,28/08/2023,00:16,144MHz,FM,WA7BEN,,"146.58, 47 to me, 33 from me, Ben in NE Seattle"
V2,KK7LHY/P,W7W/KG-043,28/08/2023,00:18,144MHz,FM,VE7/HB9EAJ/P,,"146.58, 57 to me, 59 from me, Stephan from Switzerland on Sugarloaf"
V2,KK7LHY/P,W7W/KG-043,28/08/2023,00:21,144MHz,FM,KD7GAB,,"146.58, 59 to me, 57 from me, Jon in Covington"
V2,KK7LHY/P,W7W/CW-044,10/09/2023,17:44,144MHz,FM,KJ7BIH/P,,"146.52, 59 to me, CM3 from me, Bill at an electric car recharge station in Cle Elum"
V2,KK7LHY/P,W7W/CW-044,10/09/2023,17:46,144MHz,FM,KI7DZK/P,,"146.52, 59 to me, 58-59 from me, David with an FT1D at 3000ft elevation hiking near 1st Creek along U.S. 97"
V2,KK7LHY/P,W7W/CW-044,10/09/2023,17:56,144MHz,FM,N7XS/P,,"146.52, 59 to me, 55-56 from me, Dean working on one of the repeaters on Tiger Mountain"
V2,KK7LHY/P,W7W/CW-043,10/09/2023,20:57,144MHz,FM,K7VE/M,,"146.52, 47 to me, 33 from me, John"
V2,KK7LHY/P,W7W/CW-043,10/09/2023,20:57,144MHz,FM,W7IJP/M,,"146.52, 59 to me, 57 from me, Jeremy"
V2,KK7LHY/P,W7W/CW-055,10/09/2023,23:30,144MHz,FM,W7NY/AM,,"146.52, 59 to me, 59 from me, Bill (again!) over Lake Chelan"
V2,KK7LHY/P,W7W/KG-118,24/09/2023,00:46,144MHz,FM,WW7D,,"146.58, 59 to me, 59 from me, Darryl in Redmond"
V2,KK7LHY/P,W7W/KG-118,24/09/2023,00:49,144MHz,FM,WU7H,,"146.58, 59 to me, 59 from me, Josh in Redmond"
V2,KK7LHY/P,W7W/KG-118,24/09/2023,00:49,144MHz,FM,W7IJP,,"146.58, 59 to me, 59 from me, Jeremy in Renton"
V2,KK7LHY/P,W7W/KG-118,24/09/2023,01:04,144MHz,FM,KG7EJT,,"146.52, 59 to me, 59 from me, Tim in Everett"
V2,KK7LHY/P,W7W/KG-118,24/09/2023,01:06,144MHz,FM,K7CX,,"146.52, 59 to me, 45 from me, Nelson in Burien"
V2,KK7LHY/P,W7W/KG-015,01/10/2023,17:17,144MHz,FM,N7ZLD,,"146.52, 47 to me, 47 from me, Murray in Shelton"
V2,KK7LHY/P,W7W/KG-015,01/10/2023,17:58,144MHz,FM,WW7D,,"146.56, 59 to me, 43 from me, Darryl in Redmond"
V2,KK7LHY/P,W7W/KG-015,01/10/2023,18:14,144MHz,FM,K7CH,,"146.52, 59 to me, 59 from me, Carl in Olympia"
V2,KK7LHY/P,W7W/KG-015,01/10/2023,18:16,144MHz,FM,K7OSK,,"146.52, 47 to me, 47 from me, John in Rochester"
V2,KK7LHY/P,W7W/LC-001,08/10/2023,21:07,144MHz,FM,K7ATN/P,,"146.54, 57 to me, 57 from me, Etienne on Githens Mountain"
V2,KK7LHY/P,W7W/LC-001,08/10/2023,21:08,144MHz,FM,K7FOP/P,,"146.54, 57 to me, 57 from me, Roland on Githens Mountain"
V2,KK7LHY/P,W7W/LC-001,08/10/2023,21:12,144MHz,FM,KD7QOW/P,,"146.54, 59 to me, 59 from me, Josef on Steamboat Mountain"
V2,KK7LHY/P,W7W/LC-001,08/10/2023,21:13,144MHz,FM,WJ7WJ,,"146.54, 59 to me, 44 from me, William in Beaverton"
V2,KK7LHY/P,W7W/LC-001,08/10/2023,21:14,144MHz,FM,WW7D,,"146.54, 59 to me, 55 from me, Darryl in Redmond"
V2,KK7LHY/P,W7W/LC-001,08/10/2023,21:16,144MHz,FM,WU7H/A,,"146.54, 59 to me, 59 from me, Josh operating remote with station in Redmond"
V2,KK7LHY/P,W7W/LC-001,08/10/2023,21:18,144MHz,FM,K8YFR/M,,"146.54, 47 to me, 47 from me, Jeff on I-5 near Centralia"
V2,KK7LHY/P,W7W/KG-060,21/10/2023,17:29,144MHz,FM,K6IR,,"146.58, 59 to me, 59 from me, John near Maple Valley, my station: QRZ-1 handheld at 5 watts into 146-3BP yagi"
V2,KK7LHY/P,W7W/KG-060,21/10/2023,17:31,144MHz,FM,KF7JQV,,"57 to me, 57 from me, Robert in Sequim"
V2,KK7LHY/P,W7W/KG-060,21/10/2023,17:33,144MHz,FM,KE7JWP,,"57 to me, 59 from me, Chuck at Redmond Ridge"
V2,KK7LHY/P,W7W/KG-060,21/10/2023,17:35,144MHz,FM,WU7H/P,,"47 to me, 55 from me, Josh on the way to an activation"
V2,KK7LHY/P,W7W/KG-060,21/10/2023,17:36,144MHz,FM,WW7D/P,,"57 to me, 57 from me, Darryl w/Josh"
V2,KK7LHY/P,W7W/KG-074,21/10/2023,19:25,144MHz,FM,N7NWT,,"146.56, 55 to me, 55 from me, Nathan remote in Atlanta using station in Tacoma, my station: FT-1900R mobile unit at 50 watts into 146-3BP yagi"
V2,KK7LHY/P,W7W/KG-074,21/10/2023,19:26,144MHz,FM,VA7OTC,,"54 to me, 54 from me, John in Victoria B.C. Canada"
V2,KK7LHY/P,W7W/KG-074,21/10/2023,19:28,144MHz,FM,AC7MA,,"42 to me, 55 from me, Rich in Redmond"
V2,KK7LHY/P,W7W/KG-074,21/10/2023,19:31,144MHz,FM,WX7EMT,,"41 to me, 59 from me, Chris in Enumclaw, his station: handheld at 5 watts"
V2,KK7LHY/P,W7W/KG-074,21/10/2023,19:33,144MHz,FM,WA7GNP,,"57 to me, 59 from me, Jerry in Kent"
V2,KK7LHY/P,W7W/KG-074,21/10/2023,19:36,144MHz,FM,WW7D/P,,"57 to me, 59 from me, Darryl on ReJoyce Peak"
V2,KK7LHY/P,W7W/KG-074,21/10/2023,19:38,144MHz,FM,WU7H/P,,"57 to me, 59 from me, Josh w/Darryl"
V2,KK7LHY/P,W7W/KG-074,21/10/2023,19:49,144MHz,FM,W7NN,,"59 to me, 59 from me, Ron near Olympia"
V2,KK7LHY/P,W7W/KG-074,21/10/2023,20:06,144MHz,FM,KG7EJT/P,,"59 to me, 59 from me, Tim on Snoqualmie Mountain, my station: QRZ-1 handheld at 5 watts into SMA-24 1/4-wave"
V2,KK7LHY/P,W7W/KG-147,21/10/2023,21:08,144MHz,FM,KG7EJT/P,,"146.58, 59 to me, 59 from me, Tim on Snoqualmie Mountain, my station: QRZ-1 handheld at 5 watts into 146-3BP yagi"
V2,KK7LHY/P,W7W/KG-147,21/10/2023,21:10,144MHz,FM,WW7D/P,,"59 to me, 59 from me, Darryl on ReJoyce Peak"
V2,KK7LHY/P,W7W/KG-147,21/10/2023,21:12,144MHz,FM,N7NWT,,"59 to me, 59 from me, Nathan remote in Atlanta using station in Tacoma"
V2,KK7LHY/P,W7W/KG-147,21/10/2023,21:14,144MHz,FM,WU7H/P,,"59 to me, 59 from me, Josh w/Darryl"
V2,KK7LHY/P,W7W/KG-147,21/10/2023,21:16,144MHz,FM,AC7MA,,"47 to me, 42 from me, Rich in Redmond"
V2,KK7LHY/P,W7W/KG-147,21/10/2023,21:18,144MHz,FM,K6IR,,"59 to me, 42 from me, John near Maple Valley"
V2,KK7LHY/P,W7W/KG-147,21/10/2023,21:23,144MHz,FM,KK7OVC,,"59 to me, 59 from me, Sheldon near Snoqualmie Pass"
V2,KK7LHY/P,W7W/KG-051,21/10/2023,22:34,144MHz,FM,WU7H/P,,"146.58, 55 to me, 55 from me, Josh on the way to 2nd activation, my station: QRZ-1 handheld at 5 watts into 146-3BP yagi"
V2,KK7LHY/P,W7W/KG-051,21/10/2023,22:35,144MHz,FM,WW7D/P,,"55 to me, 55 from me, Darryl w/Josh"
V2,KK7LHY/P,W7W/KG-051,21/10/2023,22:36,144MHz,FM,N7NWT,,"59 to me, 57 from me, Nathan remote in Atlanta using station in Tacoma"
V2,KK7LHY/P,W7W/KG-051,21/10/2023,22:38,144MHz,FM,K6IR,,"45 to me, 47 from me, John near Maple Valley, his station: handheld at 2 watts"
V2,KK7LHY/P,W7W/CW-050,22/10/2023,00:17,144MHz,FM,WU7H/P,,"146.58, 59 to me, 59 from me, Josh on Blowout Mountain, my station: QRZ-1 handheld at 5 watts into 146-3BP yagi"
V2,KK7LHY/P,W7W/CW-050,22/10/2023,00:19,144MHz,FM,WW7D/P,,"59 to me, 59 from me, Darryl w/Josh"
V2,KK7LHY/P,W7W/CW-050,22/10/2023,00:21,144MHz,FM,KG7EJT,,"47 to me, 32 from me, Tim near North Bend"
V2,KK7LHY/P,W7W/CW-050,22/10/2023,00:22,144MHz,FM,N7NWT,,"59 to me, 59+20 from me, Nathan in Tacoma"
V2,KK7LHY/P,W7W/CW-050,22/10/2023,00:24,144MHz,FM,KF7JQV,,"59 to me, 58 from me, Robert in Sequim"
V2,KK7LHY/P,W7W/CW-050,22/10/2023,00:25,144MHz,FM,AC7MA,,"57 to me, 57 from me, Rich in Redmond"
V2,KK7LHY/P,W7W/CW-050,22/10/2023,00:26,144MHz,FM,K6IR,,"45 to me, 57 from me, John near Maple Valley, his station: handheld at 2 watts"
V2,KK7LHY/P,W7N/CK-057,03/12/2023,00:13,144MHz,FM,KN6SYW,,"146.52, 59 to me, 59 from me, Aaron at a campground near Summerlin, my station: QRZ-1 handheld at 5 watts into SMA-24 1/4-wave whip"
V2,KK7LHY/P,W7N/CK-057,03/12/2023,00:15,144MHz,FM,KK7GQK,,"59 to me, 59 from me, Mark at Desert Shores"
V2,KK7LHY/P,W7N/CK-057,03/12/2023,00:20,144MHz,FM,KB7REO/M,,"59 to me, 59 from me, Glenn on North 215 near Decatur Blvd"
V2,KK7LHY/P,W7N/CK-057,03/12/2023,00:24,144MHz,FM,KL7KUB/M,,"59 to me, 59 from me, Daniel just east of the Vegas strip"
V2,KK7LHY/P,W7N/CK-057,03/12/2023,00:25,144MHz,FM,KD6SIN/M,,"59 to me, 47 from me, Paul north of Vegas"
V2,KK7LHY/P,W7N/CK-057,03/12/2023,00:26,144MHz,FM,KJ7ZSS/M,,"59 to me, 59 from me, James westbound on Tropicana"
V2,KK7LHY/P,W8O/SW-012,15/12/2023,00:35,144MHz,FM,NX9Z,,"146.58, 59 to me, 44 from me, Stephen in Bright Indiana, my station: QRZ-1 handheld at 5 watts into SMA-24 1/4-wave whip"
V2,KK7LHY/P,W7W/RS-074,10/03/2024,00:55,144MHz,FM,WW7D,,"146.58, 59 to me, 57 from me, Darryl in Redmond, my radio: QRZ-1 Explorer @ 5 watts into MFJ-1714 antenna"
V2,KK7LHY/P,W7W/RS-074,10/03/2024,01:07,144MHz,FM,K7TCH,,"146.52, 59 to me, 59 from me, Port Orchard"
V2,KK7LHY/P,W7W/RS-074,10/03/2024,01:10,144MHz,FM,W7ZOO,,"146.52, 47 to me, 47 from me, Ethan of Cascadia Radio!"
V2,KK7LHY/P,W7W/RS-074,10/03/2024,01:11,144MHz,FM,W7IJP,,"146.52, 59 to me, 59 from me, Renton"
V2,KK7LHY/P,W7W/RS-074,10/03/2024,01:11,144MHz,FM,KB7SDM,,"146.52, 59 to me, 55 from me, West Seattle"
V2,KK7LHY/P,W7W/RS-074,10/03/2024,01:12,144MHz,FM,KK7PMI,,"146.52, 59 to me, 59 from me, Kirkland"
V2,KK7LHY/P,W7W/RS-074,10/03/2024,01:13,144MHz,FM,KG7GDN/M,,"146.52, 57 to me, 57 from me, Chico"
V2,KK7LHY/P,W7W/RS-074,10/03/2024,01:14,144MHz,FM,KB7RYY,,"146.52, 59 to me, 59 from me"
V2,KK7LHY/P,W7W/SO-067,30/03/2024,20:20,144MHz,FM,N7NWT,,"146.56, 47 to me, 35 from me, Nathan in Tacoma, my station: QRZ-1 handheld @ 5 watts into MFJ-1714 antenna"
V2,KK7LHY/P,W7W/SO-067,30/03/2024,20:22,144MHz,FM,KG7EJT/P,,"146.56, 59 to me, 59 from me, Tim on Mt. Teneriffe"
V2,KK7LHY/P,W7W/SO-067,30/03/2024,20:29,144MHz,FM,WW7D/P,,"146.56, 47 to me, 59 from me, Darryl on Showshoe Butte, my station: QRZ-1 handheld @ 5 watts into 146-3BP yagi"
V2,KK7LHY/P,W7W/SO-067,30/03/2024,20:31,144MHz,FM,WU7H/P,,"146.56, 47 to me, 59 from me, Josh on Showshoe Butte"
V2,KK7LHY/P,W7W/SO-067,30/03/2024,20:34,144MHz,FM,AI7MW,,"146.56, 47 to me, 59 from me, John in Olympia"
V2,KK7LHY/P,W7N/CK-115,07/04/2024,02:37,144MHz,FM,KK7BUB,,"146.52, 59 to me, 59 from me, my station: QRZ-1 handheld @ 5 watts into MFJ-1714 antenna"
V2,KK7LHY/P,W7N/CK-115,07/04/2024,02:39,144MHz,FM,KE7LFM,,"146.52, 59 to me, 59 from me"
V2,KK7LHY/P,W7N/CK-115,07/04/2024,02:41,144MHz,FM,WA6NGO,,"146.52, 59 to me, 59 from me"
V2,KK7LHY/P,W7N/CK-115,07/04/2024,03:16,144MHz,FM,KJ7NDY,,"146.52, 59 to me, 59 from me, Joel in Summerlin"
V2,KK7LHY/P,W7W/CW-076,19/05/2024,21:50,144MHz,FM,W7NN,,"146.56, 59 to me, 55 from me, Ron in Olympia, my station: FT-1900R @ 25watts into MFJ-1714 antenna, his station: 175watts into 11-element yagi"
V2,KK7LHY/P,W7W/SN-148,25/05/2024,21:25,144MHz,FM,WA7BEN/P,,"146.58, 59 to me, 58 from me, Ben on Young Love, my station: QRZ-1 @ 5watts into MFJ-1714 antenna"
V2,KK7LHY/P,W7W/SN-148,25/05/2024,21:26,144MHz,FM,WA7OOO/P,,"59 to me, 58 from me, Ospin on Young Love"
V2,KK7LHY/P,W7W/SN-148,25/05/2024,21:27,144MHz,FM,WW7D,,"59 to me, 59 from me, Darryl in Redmond"
V2,KK7LHY/P,W7W/SN-148,25/05/2024,21:29,144MHz,FM,N7FX,,"59 to me, 47 from me, Kevin on Bainbridge Island"
V2,KK7LHY/P,W7W/SN-148,25/05/2024,21:29,144MHz,FM,KG7VIZ,,"59 to me, 59 from me, Scott in Everett"
V2,KK7LHY/P,W7W/SN-148,25/05/2024,21:31,144MHz,FM,AG7OO,,"59 to me, 59 from me, Kevin in Olympia"
V2,KK7LHY/P,W7W/SN-148,25/05/2024,21:33,144MHz,FM,KJ7AAI,,"59 to me, 59 from me, Jeff in Redmond"
V2,KK7LHY/P,W7W/SN-148,25/05/2024,21:34,144MHz,FM,K7NDO,,"57 to me, 59 from me, Indio in Mill Creek"
V2,KK7LHY/P,W7W/SN-148,25/05/2024,21:35,144MHz,FM,AI7OV,,"47 to me, 55 from me, Chris in West Seattle"
V2,KK7LHY/P,W7W/SN-148,25/05/2024,21:39,144MHz,FM,K6IR,,"59 to me, 59 from me, John in Kent"
V2,KK7LHY/P,W7W/SN-148,25/05/2024,21:41,144MHz,FM,AC7MA,,"47 to me, 59 from me, Rich in Redmond"
V2,KK7LHY/P,W7W/SN-148,25/05/2024,21:44,144MHz,FM,KK7RPI,,"59 to me, 59 from me, Mike in Everett"
V2,KK7LHY/P,W7W/SK-142,01/06/2024,16:42,144MHz,FM,KV7DX,,"146.52, 55 to me, 55 from me, Jason in Marysville, my station: FT-1900R @ 25watts into MFJ-1714 antenna"
V2,KK7LHY/P,W7W/SK-142,01/06/2024,16:43,144MHz,FM,KL7GOD/M,,"54 to me, 55 from me, Shane on the way to Hurricane Ridge"
V2,KK7LHY/P,W7W/SK-142,01/06/2024,16:45,144MHz,FM,KF7JQV,,"57 to me, 59 from me, Robert in Sequim"
V2,KK7LHY/P,W7W/SK-142,01/06/2024,16:46,144MHz,FM,KG0D,,"53 to me, 55 from me, David in Sequim"
V2,KK7LHY/P,W7W/KG-137,06/06/2024,02:35,144MHz,FM,WW7D,,"146.58, 47 to me, 59 from me, Darryl in Redmond, my station: QRZ-1 handheld @ 5watts into MFJ-1714 antenna"
V2,KK7LHY/P,W7W/KG-137,06/06/2024,02:36,144MHz,FM,N7FX,,"35 to me, 55 from me, Kevin on Bainbridge"
V2,KK7LHY/P,W7W/KG-137,06/06/2024,02:39,144MHz,FM,WU7H/R,,"57 to me, 59 from me, Josh using Darryl's station"
V2,KK7LHY/P,W7W/KG-137,06/06/2024,02:43,144MHz,FM,N0PBR,,"59 to me, 59 from me, John in Kirkland, my station: FT-1900R @ 25watts into MFJ-1714 antenna, his station: 25watts into yagi"
V2,KK7LHY/P,W7W/NO-031,08/06/2024,19:13,144MHz,FM,KF7JQV,,"146.58, 59 to me, 59 from me, Robert in Sequim, my station: FT-1900R @ 25watts into MFJ-1714 antenna"
V2,KK7LHY/P,W7W/NO-031,08/06/2024,19:14,144MHz,FM,K7NDO,,"57 to me, 59 from me, Indio in Mill Creek"
V2,KK7LHY/P,W7W/NO-031,08/06/2024,19:28,144MHz,FM,WA7JNJ/M,,"146.52, 59 to me, 59 from me, James near Stevens"
V2,KK7LHY/P,W7W/NO-031,08/06/2024,19:29,144MHz,FM,K7GYB/P,,"59 to me, 59 from me, David on Lyman Hill"
V2,KK7LHY/P,W7W/NO-031,08/06/2024,19:30,144MHz,FM,KB7BRW,,"57 to me, 59 from me, Allan in Snohomish"
V2,KK7LHY/P,W7W/NO-031,08/06/2024,19:31,144MHz,FM,K7WFM,,"59 to me, 59 from me, Warren in West Lake Stevens"
V2,KK7LHY/P,W7W/NO-031,08/06/2024,19:31,144MHz,FM,VE7HI,,"52 to me, 59 from me, Ken in Surrey"
V2,KK7LHY/P,W7W/NO-031,08/06/2024,19:32,144MHz,FM,VA7GO,,"59 to me, 59 from me, Grant in Victoria"
V2,KK7LHY/P,W7W/NO-031,08/06/2024,19:33,144MHz,FM,VA7CPL,,"57 to me, 58 from me, Ron in Langley"
V2,KK7LHY/P,W7W/NO-031,08/06/2024,19:34,144MHz,FM,VA7GMB,,"59 to me, 59 from me, Michael in Esquimalt"
V2,KK7LHY/P,W7W/NO-031,08/06/2024,19:35,144MHz,FM,AB9BH,,"57 to me, 59 from me, Sidney in Shoreline"
V2,KK7LHY/P,W7W/NO-031,08/06/2024,19:36,144MHz,FM,N7MKO,,"59 to me, 59 from me, Steve in Poulsbo"
V2,KK7LHY/P,W7W/NO-031,08/06/2024,19:37,144MHz,FM,VE7JRX,,"51 to me, 59 from me, John in Burnaby"
V2,KK7LHY/P,W7W/NO-031,08/06/2024,19:38,144MHz,FM,W7BCM,,"51 to me, 51 from me, Aaron in Everson"
V2,KK7LHY/P,W7W/NO-031,08/06/2024,19:39,144MHz,FM,WW7D/P,,"51 to me, 55 from me, Darryl on 5221 Twin Lead Mtn"
V2,KK7LHY/P,W7W/NO-031,08/06/2024,19:40,144MHz,FM,WU7H/P,,"51 to me, 55 from me, Josh on 5221 Twin Lead Mtn"
V2,KK7LHY/P,W7W/NO-031,08/06/2024,19:41,144MHz,FM,KI7ZTM,,"59 to me, 59 from me, Coleman in Marysville"
V2,KK7LHY/P,W7W/NO-031,08/06/2024,19:42,144MHz,FM,KB7QAG,,"59 to me, 59 from me, Jeffrey in Tacoma"
V2,KK7LHY/P,W7W/NO-031,08/06/2024,19:43,144MHz,FM,VA7GDF,,"51 to me, 59 from me"
V2,KK7LHY/P,W7W/NO-031,08/06/2024,19:44,144MHz,FM,N0PBR,,"55 to me, 59 from me, John in Kirkland"
V2,KK7LHY/P,W7W/NO-163,09/06/2024,01:17,144MHz,FM,N7NWT,,"146.58, 59 to me, 59 from me, Nathan in Tacoma, my station: QRZ-1 handheld @ 5watts into MFJ-1714 antenna"
V2,KK7LHY/P,W7W/NO-163,09/06/2024,01:17,144MHz,FM,K7III,,"59 to me, 55 from me, Jason in Shoreline"
V2,KK7LHY/P,W7W/NO-163,09/06/2024,01:22,144MHz,FM,N7QOZ,,"59 to me, 59 from me, Bob in Tacoma"
V2,KK7LHY/P,W7W/NO-163,09/06/2024,01:30,144MHz,FM,K7OPP,,"146.52, 59 to me, 59 from me, Jacob in Stanwood"
V2,KK7LHY/P,W7W/SN-105,29/06/2024,20:30,144MHz,FM,WW7D/P,,"146.58, 47 to me, 55 from me, Darryl on Colquhoun Peak, my station: QRZ-1 handheld @ 5watts into MFJ-1714 antenna"
V2,KK7LHY/P,W7W/SN-105,29/06/2024,20:31,144MHz,FM,WA7MPC,,"59 to me, 59 from me, Mark at base of Pilchuck"
V2,KK7LHY/P,W7W/SN-105,29/06/2024,20:32,144MHz,FM,WU7H/P,,"47 to me, 55 from me, Josh on Colquhoun Peak"
V2,KK7LHY/P,W7W/SN-105,29/06/2024,20:33,144MHz,FM,KG7ODB,,"59 to me, 59 from me, Dean in North Seattle"
V2,KK7LHY/P,W7W/SN-105,29/06/2024,20:35,144MHz,FM,K7JRO,,"59 to me, 59 from me, John in Sammamish"
V2,KK7LHY/P,W7W/SN-105,29/06/2024,20:36,144MHz,FM,N7URH,,"59 to me, 59 from me, Mike in Renton"
V2,KK7LHY/P,W7W/SN-105,29/06/2024,20:37,144MHz,FM,KK7MZW,,"59 to me, 59 from me, Brian in Kirkland"
V2,KK7LHY/P,W7W/SN-105,29/06/2024,20:38,144MHz,FM,KB7RYY,,"59 to me, 59 from me, Daniel in Bellevue"
V2,KK7LHY/P,W7W/SN-105,29/06/2024,20:39,144MHz,FM,WA7LZO/M,,"59 to me, 59 from me, Lawrence near Snoqualmie"
V2,KK7LHY/P,W7W/SN-105,29/06/2024,20:40,144MHz,FM,AI7OV,,"59 to me, 59 from me, Chris in West Seattle"
V2,KK7LHY/P,W7W/SN-105,29/06/2024,20:41,144MHz,FM,KG7EJT/M,,"45 to me, 45 from me, Tim driving between SOTA activations!"
V2,KK7LHY/P,W7W/SN-105,29/06/2024,20:43,144MHz,FM,KI7MMZ,,"57 to me, 57 from me, Victor in Everett"
V2,KK7LHY/P,W7W/SN-105,29/06/2024,20:46,144MHz,FM,KK7QLW,,"59 to me, 59 from me, Eman in Kirkland"
V2,KK7LHY/P,W7W/SN-105,29/06/2024,20:49,144MHz,FM,KK7ELP/M,,"59 to me, 59 from me, Roy near Lakewood"
V2,KK7LHY/P,W7W/SN-105,29/06/2024,21:10,144MHz,FM,WA7BEN/P,,"59 to me, 59 from me, Ben on Mt. Teneriffe"
V2,KK7LHY/P,W7W/WH-001,08/07/2024,15:55,144MHz,FM,N7NWT,,"146.58, 59 to me, 55 from me, Nathan in Tacoma, my station: QRZ-1 handheld @ 5watts into MFJ-1714 antenna"
V2,KK7LHY/P,W7W/WH-001,08/07/2024,15:57,144MHz,FM,K7JRO,,"57 to me, 55 from me, John in Sammamish, his station: yagi antenna"
V2,KK7LHY/P,W7W/WH-001,08/07/2024,16:00,144MHz,FM,N0PBR,,"57 to me, 57 from me, John in Kirkland, his station: 15 watts into yagi antenna"
V2,KK7LHY/P,W7W/WH-001,08/07/2024,16:01,144MHz,FM,VE7TZB,,"59 to me, 45 from me, Brandon on Vancouver Island, his station: 50 watts"
V2,KK7LHY/P,W7W/WH-001,08/07/2024,16:02,144MHz,FM,WW7D,,"54 to me, 54 from me, Darryl in Redmond"
V2,KK7LHY/P,W7W/WH-001,08/07/2024,16:03,144MHz,FM,WU7H,,"54 to me, 55 from me, Josh in Lake Forest Park"
V2,KK7LHY/P,W7W/WH-001,08/07/2024,16:04,144MHz,FM,W7BCM,,"57 to me, 45 from me, Aaron in Everson"
V2,KK7LHY/P,W7W/WH-001,08/07/2024,16:08,144MHz,FM,W7BPM,,"59 to me, 59 from me, Brent in Puyallup"
V2,KK7LHY/P,W7W/WH-001,08/07/2024,16:10,144MHz,FM,W7NN,,"57 to me, 57 from me, Ron in Olympia"
V2,KK7LHY,W7W/KG-085,13/07/2024,23:14,144MHz,FM,WU7H/P,,"146.58, 59 to me, 57 from me, Josh on Amabilis, my station: QRZ-1 handheld @ 5watts into MFJ-1714 antenna"
V2,KK7LHY,W7W/KG-085,13/07/2024,23:16,144MHz,FM,K7JRO,,"59 to me, 55 from me, John in Sammamish"
V2,KK7LHY,W7W/KG-085,13/07/2024,23:18,144MHz,FM,WW7D/P,,"59 to me, 59 from me, Darryl on Amabilis"
V2,KK7LHY,W7W/KG-085,13/07/2024,23:20,144MHz,FM,KF7JQV,,"59 to me, 59 from me, Bob in Sequim"
V2,KK7LHY,W7W/KG-085,13/07/2024,23:22,144MHz,FM,K6IR,,"35 to me, 35 from me, John in Maple Valley"
V2,KK7LHY,W7W/KG-085,13/07/2024,23:24,144MHz,FM,KK7JBY,,"47 to me, 55 from me, Cyle in Lacy, their station: anytone handheld @ 7watts into j-pole antenna"
V2,KK7LHY,W7W/KG-085,13/07/2024,23:26,144MHz,FM,AC7MA/P,,"59 to me, 57 from me, Rich at Valley Camp"
V2,KK7LHY,W7W/KG-085,13/07/2024,23:28,144MHz,FM,WA7NCL,,"59 to me, 59 from me, Fremont in Woodinville"
V2,KK7LHY,W7W/KG-080,14/07/2024,01:19,144MHz,FM,KG7EJT/M,,"146.58, 59 to me, 59 from me, Tim driving back from his own activation, my station: QRZ-1 handheld @ 5watts into MFJ-1714 antenna"
V2,KK7LHY,W7W/KG-080,14/07/2024,01:20,144MHz,FM,N7FX,,"59 to me, 59 from me, Kevin on Bainbridge Island"
V2,KK7LHY,W7W/KG-080,14/07/2024,01:21,144MHz,FM,K7JRO,,"57 to me, 59 from me, John in Sammamish"
V2,KK7LHY,W7W/KG-080,14/07/2024,01:22,144MHz,FM,KF7JQV,,"59 to me, 59 from me, Bob in Sequim"
V2,KK7LHY,W7W/KG-080,14/07/2024,01:24,144MHz,FM,KB7RYY,,"59 to me, 57 from me, Dan in Bellevue"
V2,KK7LHY/P,W7W/RS-005,20/07/2024,18:37,144MHz,FM,WW7D,,"146.58, 55 to me, 55 from me, Darryl in Redmond, my station: QRZ-1 handheld @ 5watts into MFJ-1714 antenna"
V2,KK7LHY/P,W7W/RS-005,20/07/2024,18:42,144MHz,FM,N7QOZ,,"57 to me, 57 from me, Bob in Tacoma, my station: QRZ-1 handheld @ 5watts into 146-3BP yagi"
V2,KK7LHY/P,W7W/RS-005,20/07/2024,18:46,144MHz,FM,KF7SDL,,"57 to me, 57 from me, Chuck in Maple Valley"
V2,KK7LHY/P,W7W/RS-005,20/07/2024,18:47,144MHz,FM,VA7WGT,,"59 to me, 59 from me, Glen on Vancouver Island"
V2,KK7LHY/P,W7W/RS-005,20/07/2024,19:00,144MHz,FM,WE4DX,,"57 to me, 59 from me, WE4DX club at Hamma Hamma"
V2,KK7LHY/P,W7W/RS-005,20/07/2024,19:02,144MHz,FM,N7FX/M,,"57 to me, 59 from me, Kevin near US101"
V2,KK7LHY/P,W7W/SN-001,04/08/2024,16:47,144MHz,FM,WW7D,,"146.58, 59 to me, 59 from me, Darryl in Redmond, my station: QRZ-1 handheld @ 5watts into MFJ-1714 antenna"
V2,KK7LHY/P,W7W/SN-001,04/08/2024,16:48,144MHz,FM,N7NWT/P,,"59 to me, 59 from me, Nathan on Mt. Baker. Volcano to volcano!"
V2,KK7LHY/P,W7W/SN-001,04/08/2024,16:49,144MHz,FM,KG7EJT/P,,"59 to me, 59 from me, Tim on Rock Mountain"
V2,KK7LHY/P,W7W/SN-001,04/08/2024,16:53,144MHz,FM,W7/OM1AL/P,,"59 to me, 59 from me, Vlad on Mt. Baker"
V2,KK7LHY/P,W7W/SN-001,04/08/2024,16:58,144MHz,FM,KJ7TTZ,,"59 to me, 59 from me, Jeff in Arlington"
V2,KK7LHY/P,W7W/SN-001,04/08/2024,16:58,144MHz,FM,KJ7LLS,,"59 to me, 59 from me, Clinton in Oak Harbor"
V2,KK7LHY/P,W7W/SN-001,04/08/2024,16:59,144MHz,FM,AC7MA,,"59 to me, 55 from me, Rich in Redmond"
V2,KK7LHY/P,W7W/SN-001,04/08/2024,17:00,144MHz,FM,KJ7PHE,,"59 to me, 59 from me, Kevin in Coupeville"
V2,KK7LHY/P,W7W/SN-001,04/08/2024,17:02,144MHz,FM,KF7JQV,,"59 to me, 59 from me, Bob in Sequim"
V2,KK7LHY,W7W/CW-052,17/08/2024,17:02,144MHz,FM,N0PBR,,"146.58, 59 to me, 59 to me, John on Mount Catherine, my station: QRZ-1 handheld @ 5watts into MFJ-1714 antenna"
V2,KK7LHY,W7W/CW-052,17/08/2024,17:04,144MHz,FM,WW7D,,"59 to me, 59 from me, Darryl in Redmond"
V2,KK7LHY,W7W/CW-052,17/08/2024,17:05,144MHz,FM,N7NWT,,"59 to me, 59 from me, Nathan in Tacoma"
V2,KK7LHY,W7W/CW-052,17/08/2024,17:06,144MHz,FM,WA7BEN,,"59 to me, 59 from me, Ben in Seattle"
V2,KK7LHY,W7W/CW-052,17/08/2024,17:08,144MHz,FM,K7JRO,,"59 to me, 57 from me, John in Sammamish"
V2,KK7LHY,W7W/KG-063,17/08/2024,19:14,144MHz,FM,W7NN,,"146.58, 59 to me, 59 from me, Ron in Tumwater, my station: QRZ-1 handheld @ 5watts into MFJ-1714 antenna"
V2,KK7LHY,W7W/KG-063,17/08/2024,19:14,144MHz,FM,WW7D,,"59 to me, 59 from me, Darryl in Redmond"
V2,KK7LHY,W7W/KG-063,17/08/2024,19:15,144MHz,FM,K6IR,,"59 to me, 59 from me, John in Kent"
V2,KK7LHY,W7W/KG-063,17/08/2024,19:16,144MHz,FM,KA7WYR,,"59 to me, 59 from me, Charles on West Tiger Mountain"
V2,KK7LHY,W7W/KG-063,17/08/2024,19:19,144MHz,FM,AI7OV,,"59 to me, 59 from me, Chris in Seattle"
V2,KK7LHY,W7W/KG-063,17/08/2024,19:25,144MHz,FM,KF7JQV,,"59 to me, 59 from me, Bob in Sequim"
V2,KK7LHY,W7W/KG-063,17/08/2024,19:27,144MHz,FM,N7EPD,,"59 to me, 57 from me, Eric in Graham"
V2,KK7LHY,W7W/KG-063,17/08/2024,19:29,144MHz,FM,WA7BEN,,"59 to me, 57 from me, Ben in Seattle"
V2,KK7LHY,W7W/CW-066,17/08/2024,21:18,144MHz,FM,K6IR,,"146.58, 59 to me, 45 from me, John in Kent, my station: QRZ-1 handheld @ 5watts into MFJ-1714 antenna"
V2,KK7LHY,W7W/CW-066,17/08/2024,21:19,144MHz,FM,WW7D,,"57 to me, 57 from me, Darryl in Redmond"
V2,KK7LHY,W7W/CW-066,17/08/2024,21:21,144MHz,FM,N0PBR,,"57 to me, 35 from me, John in Kirkland"
V2,KK7LHY,W7W/CW-066,17/08/2024,21:31,144MHz,FM,N7MKO,,"146.52, 59 to me, 59 from me, Steve in Poulsbo"
V2,KK7LHY,W7W/CW-019,25/08/2024,18:00,144MHz,FM,W7NN,,"146.58, 54 to me, 59 from me, Ron in Olympia, my station: FT-1900R @ 25watts into MFJ-1714 antenna"
V2,KK7LHY,W7W/CW-019,25/08/2024,18:04,144MHz,FM,W7BXF,,"59 to me, 59 from me, Gregg in Ronald"
V2,KK7LHY,W7W/CW-019,25/08/2024,18:12,144MHz,FM,N7XS,,"146.52, 53 to me, 53 from me, Dean near Tiger Mountain"
V2,KK7LHY,W7W/CW-019,25/08/2024,18:18,144MHz,FM,KG7EJT,,"54 to me, 54 from me, Tim on Mount Dickerman, my station: FT-1900R @ 25watts into 146-3BP yagi"
V2,KK7LHY,W7W/WH-074,01/09/2024,15:50,144MHz,FM,KB7RYY,,"146.52, 33 to me, 33 from me, Dan in Bellevue, my station: QRZ-1 handheld @ 5watts into MFJ-1714 antenna"
V2,KK7LHY,W7W/WH-074,01/09/2024,15:56,144MHz,FM,VA7WGT,,"57 to me, 57 from me, Glen in North Saanich"
V2,KK7LHY,W7W/WH-074,01/09/2024,16:02,144MHz,FM,VE7CNK,,"146.56, 59 to me, 57 from me, Alexander in Burnaby"
V2,KK7LHY,W7W/WH-074,01/09/2024,16:06,144MHz,FM,VA7ZZT,,"146.52, 57 to me, 57 from me, Paul in Aldergrove"
V2,KK7LHY,W7W/WH-074,01/09/2024,16:07,144MHz,FM,W7BCM,,"59 to me, 54 from me, Aaron operating mobile near Everson"
V2,KK7LHY,W7W/KG-037,21/09/2024,18:17,144MHz,FM,WU7H,,"146.56, 59 to me, 59 from me, Josh on Mt. Aurora, my station: QRZ-1 handheld @ 5watts into MFJ-1714 antenna"
V2,KK7LHY,W7W/KG-037,21/09/2024,18:19,144MHz,FM,WW7D,,"59 to me, 59 from me, Darryl on Mt. Aurora"
V2,KK7LHY,W7W/KG-037,21/09/2024,18:20,144MHz,FM,WA7BEN,,"59 to me, 59 from me, Ben on the trail up to McClellan Butte"
V2,KK7LHY,W7W/KG-037,21/09/2024,18:21,144MHz,FM,WA7OOO,,"59 to me, 59 from me, Ospin on the trail up to McClellan Butte"
V2,KK7LHY,W7W/KG-084,21/09/2024,20:49,144MHz,FM,KG7EJT,,"146.58, 59 to me, 32 from me, Tim on Gobblers Knob, my station: QRZ-1 handheld @ 5watts into MFJ-1714 antenna"
V2,KK7LHY,W7W/KG-084,21/09/2024,20:54,144MHz,FM,KC7IWW,,"59 to me, 45 from me, Joe on the way up Big Chiwaukum"
V2,KK7LHY,W7W/KG-084,21/09/2024,21:00,144MHz,FM,WA7BEN,,"146.56, 59 to me, 59 from me, Ben on McClellan Butte"
V2,KK7LHY,W7W/KG-084,21/09/2024,21:01,144MHz,FM,WA7OOO,,"59 to me, 59 from me, Ospin on McClellan Butte"
V2,KK7LHY,W7W/SN-068,29/09/2024,17:40,144MHz,FM,WU7H,,"146.58, 53 to me, 53 from me, Josh in Lake Forest Park, my station: QRZ-1 handheld @ 5watts into MFJ-1714 antenna"
V2,KK7LHY,W7W/SN-068,29/09/2024,17:42,144MHz,FM,KF7JQV,,"56 to me, 56 from me, Bob in Sequim"
V2,KK7LHY,W7W/SN-068,29/09/2024,17:44,144MHz,FM,WW7D,,"59 to me, 56 from me, Darryl in Redmond"
V2,KK7LHY,W7W/SN-068,29/09/2024,17:46,144MHz,FM,K7CL,,"57 to me, 58 from me, Chris with his new callsign!"
V2,KK7LHY,W7W/SN-068,29/09/2024,17:50,144MHz,FM,KE7JWP,,"59 to me, 59 from me, Charles in Redmond"
V2,KK7LHY,W7W/SN-068,29/09/2024,17:54,144MHz,FM,AC7MA,,"52 to me, 52 from me, Rich in Redmond"
V2,KK7LHY,W7W/RS-088,15/12/2024,22:39,144MHz,FM,KG7VIZ,,"146.58, 57 to me, 58 from me, Scott in Everett, my station: FT-1900R @ 25watts into MFJ-1714 antenna"
V2,KK7LHY,W7W/RS-088,15/12/2024,22:49,144MHz,FM,KF7JQV,,"146.52, 57 to me, 58 from me, Bob in Sequim"
V2,KK7LHY,W7W/RS-088,15/12/2024,22:51,144MHz,FM,N7JTA,,"54 to me, 59 from me, Terry in Granite Falls"
V2,KK7LHY,W7W/RS-088,15/12/2024,22:54,144MHz,FM,KK7UIW/M,,"51 to me, 51 from me, Kelly near Oak Harbor"
V2,KK7LHY,W7W/MC-069,21/12/2024,21:41,144MHz,FM,K8AF,,"146.52, 59 to me, 59 from me, Russel in Ellensburg, my station: FT-1900R @ 10watts into MFJ-1714 antenna"
V2,KK7LHY,W7W/MC-069,21/12/2024,21:43,144MHz,FM,KF7MXL,,"59 to me, 59 from me, Julie in Yakima"
V2,KK7LHY,W7W/MC-069,21/12/2024,21:45,144MHz,FM,KI7DZK,,"59 to me, 59 from me, David in Ellensburg"
V2,KK7LHY,W7W/KG-126,01/01/2025,22:38,144MHz,FM,WW7D,,"146.58, 57 to me, 59 from me, Darryl in Redmond, my station: FT-1900R @ 25watts into MFJ-1714 antenna"
V2,KK7LHY,W7W/KG-126,01/01/2025,22:39,144MHz,FM,N7LHK,,"57 to me, 59 from me, Richard in Maple Valley"
V2,KK7LHY,W7W/KG-126,01/01/2025,22:41,144MHz,FM,K7CL,,"57 to me, 59 from me, Chris in Seattle"
V2,KK7LHY,W7W/KG-126,01/01/2025,22:47,144MHz,FM,W7SJ,,"59 to me, 59 from me, Steven in Covington, my station: 10 watts"
V2,KK7LHY,W7W/KG-126,01/01/2025,22:49,144MHz,FM,KJ7ALP,,"59 to me, 59 from me, Robert in Tacoma"
V2,KK7LHY,W7W/SO-100,19/01/2025,20:11,144MHz,FM,KG7APX,,"146.56, 54 to me, 55 from me, Vaughn in Roy, my station: FT-1900R @ 10watts into 146-3BP yagi"
V2,KK7LHY,W7W/SO-100,19/01/2025,20:18,144MHz,FM,K7HSG,,"59 to me, 59 from me, Trevor in Olympia"
V2,KK7LHY,W7W/SO-100,19/01/2025,20:21,144MHz,FM,KI7HSF,,"59 to me, 59 from me, Tess in Olympia"
V2,KK7LHY,W7W/SO-100,19/01/2025,20:26,144MHz,FM,N5TLV,,"54 to me, 55 from me, Tye in Clearview, my station: 25 watts"
V2,KK7LHY,W7W/SO-100,19/01/2025,20:31,144MHz,FM,AI7MW,,"53 to me (backlobe!), 59 from me, John in Olympia"
V2,KK7LHY,W7W/SO-099,19/01/2025,23:25,144MHz,FM,W7SJ,,"146.58, 59 to me, 45 from me, Steven in Covington, my station: FT-1900R @ 10watts into 146-3BP yagi"
V2,KK7LHY,W7W/SO-099,19/01/2025,23:28,144MHz,FM,KF7SDL,,"57 to me, 59+20 from me, Chuck in Maple Valley"
V2,KK7LHY,W7W/SO-099,19/01/2025,23:29,144MHz,FM,AI7MW,,"55 to me, 59 from me, John in Olympia"
V2,KK7LHY,W7W/SO-099,19/01/2025,23:31,144MHz,FM,N7QOZ,,"59 to me, 59 from me,  Bob in CN87"
V2,KK7LHY,W7W/KG-122,15/02/2025,00:00,7MHz,CW,WU7H,,"7.063, from me: 579, Josh in Lake Forest Park WA, my station: QMX into EFHW"
V2,KK7LHY,W7W/KG-122,15/02/2025,00:01,7MHz,CW,WW7D,,"from me: 599, Darryl in Redmond WA, my station: kx2 into EFHW"
V2,KK7LHY,W7W/KG-122,15/02/2025,00:02,7MHz,CW,K5EM,,"from me: 599, Justin in Seattle WA"
V2,KK7LHY,W7W/KG-122,15/02/2025,00:20,7MHz,CW,W6LEN,,"Jess in Huntington Beach CA"
V2,KK7LHY,W7W/KG-122,15/02/2025,00:21,7MHz,CW,KD7QOW,,"Josef in Vancouver WA"
V2,KK7LHY,W7W/KG-122,15/02/2025,00:22,7MHz,CW,WB6POT,,"from me: 579, Peter in San Jose CA"
V2,KK7LHY,W7W/KG-122,15/02/2025,00:23,7MHz,CW,NE7ET,,"Jarod in Cornelius OR"
V2,KK7LHY,W7W/KG-122,15/02/2025,00:24,7MHz,CW,K7ATN,,"from me: 559, Etienne in Portland OR"
V2,KK7LHY,W7W/KG-142,18/02/2025,00:49,7MHz,CW,WW7D,,"7.067, 599 to me, 539 from me, Darryl in Redmond WA, my station: QMX into EFHW in slanted-inverted-L formation (downslant to the South)"
V2,KK7LHY,W7W/KG-142,18/02/2025,00:52,7MHz,CW,WB6POT,,"599 to me, 599 from me, Peter in San Jose CA"
V2,KK7LHY,W7W/KG-142,18/02/2025,00:55,7MHz,CW,WU7H,,"599 to me, 599 from me, Josh in Lake Forest Park WA"
V2,KK7LHY,W7W/KG-142,18/02/2025,00:58,7MHz,CW,KD7DTS,,"599 to me, 539 from me, Mark in Marina Del Rey CA"
V2,KK7LHY,W7W/KG-142,18/02/2025,01:20,21MHz,CW,K1CT,,"21.067, 559 to me, 559 from me, William in San Diego CA"
V2,KK7LHY,W7W/KG-142,18/02/2025,01:25,21MHz,CW,JG0AWE,,"449 to me, 449 from me, Waka in Nagano City, Nagano, Japan. My first DX!!"
V2,KK7LHY,W7W/KG-142,18/02/2025,01:30,21MHz,CW,JA1VVH,,"459 to me, 519 from me, Tada in Fukaya City, Saitama, Japan"
V2,KK7LHY,W7W/KG-142,18/02/2025,01:35,21MHz,CW,JH1MXV,,"439 to me, 449 from me, Hatori in Maebashi city, Gunma, Japan"
V2,KK7LHY,W7W/SN-169,01/03/2025,20:41,144MHz,FM,KF7JQV,,"146.58, 58 to me, 58 from me, Bob in Sequim WA. my station: QRZ-1 handheld @ 5watts into MFJ-1714 antenna"
V2,KK7LHY,W7W/SN-169,01/03/2025,20:43,144MHz,FM,WW7D,,"59 to me, 42 from me, Darryl in Redmond WA"
V2,KK7LHY,W7W/SN-169,01/03/2025,20:44,144MHz,FM,WX7EMT,,"53 to me, 53 from me, Chris at the Bainbridge ferry terminal"
V2,KK7LHY,W7W/SN-169,01/03/2025,20:46,144MHz,FM,WU7H,,"59 to me, 42 from me, Josh on Darryl's remote station"
V2,KK7LHY,W7W/SN-169,01/03/2025,22:11,7MHz,CW,WU7H,,"7.067, 599 to me, 599 from me, my station: QMX into 20m wire in inverted-slanted-L configuration"
V2,KK7LHY,W7W/SN-169,01/03/2025,22:13,7MHz,CW,WA7BEN,,"599 to me, 559 from me, Ben in Seattle WA"
V2,KK7LHY,W7W/SN-169,01/03/2025,22:14,7MHz,CW,VA7SGY,,"559 to me, 559 from me, Bruce in Langley BC"
V2,KK7LHY,W7W/SN-169,01/03/2025,22:18,7MHz,CW,W6DT,,"519 to me, 539 from me, Wayne in Meadow Vista CA"
V2,KK7LHY,W7W/SN-169,01/03/2025,22:41,21MHz,CW,AC7P,,"21.068, 539 to me, 549 from me, Don in New Braunfels TX"
V2,KK7LHY,W7W/SN-183,02/03/2025,19:42,7MHz,CW,WU7H,,"7.032, 599 to me, 599 from me, Josh on Red Top Mountain, my station: QMX into 20m wire in inverted-slanted-L configuration"
V2,KK7LHY,W7W/SN-183,02/03/2025,19:43,7MHz,CW,WW7D,,"599 to me, 599 from me, Darryl on Red Top Mountain"
V2,KK7LHY,W7W/SN-183,02/03/2025,20:02,7MHz,CW,KD7QOW,,"7.062, 599 to me, 419 from me, Josef in Vancouver WA"
V2,KK7LHY,W7W/SN-183,02/03/2025,20:04,7MHz,CW,WA7BEN,,"559 to me, 599 from me, Ben in Seattle WA"
V2,KK7LHY,W7W/SN-183,02/03/2025,20:08,7MHz,CW,NU7A,,"559 to me, 339 from me, Bren in Leavenworth WA"
V2,KK7LHY,W7W/SN-183,02/03/2025,20:35,21MHz,CW,W6TED,,"21.063, 559 to me, 429 from me, Ted in San Diego CA"
V2,KK7LHY,W7W/SN-183,02/03/2025,20:39,21MHz,CW,K6CPR,,"559 to me, 519 from me, Ron in Camarillo CA"
V2,KK7LHY,W7W/SN-183,02/03/2025,20:43,21MHz,CW,WB8BHN,,"419 to me, 429 QSB from me, Sevim in West Dundee IL"
V2,KK7LHY,W7W/SN-183,02/03/2025,20:51,21MHz,CW,AC7P,,"419 to me, 339 from me, Don in New Braunfels TX"
V2,KK7LHY,W7W/SN-183,02/03/2025,21:37,7MHz,CW,AF7QD,,"7.032, 559 to me, 599 from me, Jess on Mount Spokane"
V2,KK7LHY/VE7,VE7/GV-009,10/03/2025,00:01,21MHz,CW,JH1MXV,,"319 to me, 319 from me, Hatori in Maebashi city, Gunma, Japan"
V2,KK7LHY/VE7,VE7/GV-009,10/03/2025,00:04,21MHz,CW,JG0AWE,,"319 to me, 559 from me, Waka in Nagano City, Nagano, Japan"
V2,KK7LHY/VE7,VE7/GV-009,10/03/2025,22:40,144MHz,FM,W7BCM,,"146.58, 55 to me, 35 from me, Aaron operating mobile in WA, my station: FT-1900R @ 25watts into MFJ-1714 antenna"
V2,KK7LHY/VE7,VE7/GV-009,10/03/2025,23:40,7MHz,CW,WU7H,,"7.037, 599 to me, 579 from me, Josh in Seattle WA, my station: QMX @ 5watts into 20m end fed wire"
V2,KK7LHY/VE7,VE7/GV-009,10/03/2025,23:43,7MHz,CW,VE7ATJ,,"579 to me, 559 from me, Don in Parksville BC"
V2,KK7LHY/VE7,VE7/GV-009,10/03/2025,23:46,7MHz,CW,K1CT,,"559 to me, 559 from me, William in San Diego CA"
V2,KK7LHY/VE7,VE7/GV-009,10/03/2025,23:47,7MHz,CW,KD7J,,"599 to me, 599 from me, Jeff in Scappoose OR"
V2,KK7LHY/VE7,VE7/GV-009,10/03/2025,23:56,21MHz,CW,WD4CFN,,"21.067, 559 to me, 569 from me, Steve in Nashville TN"
V2,KK7LHY,W7W/KG-132,29/03/2025,00:05,433MHz,FM,KK7UUM,,"My first 70cm simplex!"
V2,KK7LHY,W7W/KG-132,29/03/2025,00:07,433MHz,FM,W7ODO,,
V2,KK7LHY,W7W/KG-132,29/03/2025,00:09,433MHz,FM,KG7EJT,,
V2,KK7LHY,W7W/KG-132,29/03/2025,22:32,7MHz,SSB,WW7D,,"My first SSB!"
V2,KK7LHY,W7W/KG-132,29/03/2025,22:32,7MHz,SSB,WU7H,,
V2,KK7LHY,W7W/KG-132,29/03/2025,22:55,14MHz,DATA,KK7MNC,,"QSO by FT8CN"
V2,KK7LHY,W7W/KG-132,29/03/2025,23:22,14MHz,DATA,W7GEM,,"Distance: 2150 km, QSO by FT8CN"
V2,KK7LHY,W7W/KG-132,29/03/2025,23:26,14MHz,DATA,N6JBW,,"Distance: 1636 km, QSO by FT8CN"
V2,KK7LHY,W7W/PL-127,30/03/2025,19:08,7MHz,CW,W6TDX,,
V2,KK7LHY,W7W/PL-127,30/03/2025,19:09,7MHz,CW,WA7NCL,,
V2,KK7LHY,W7W/PL-127,30/03/2025,19:10,7MHz,CW,AE7I,,
V2,KK7LHY,W7W/PL-127,30/03/2025,19:10,7MHz,CW,WA7BEN,,
V2,KK7LHY,W7W/PL-127,30/03/2025,19:11,7MHz,CW,N7UN,,
V2,KK7LHY,W7W/PL-127,30/03/2025,19:13,7MHz,CW,WU7H,,
V2,KK7LHY,W7W/PL-127,30/03/2025,19:14,7MHz,CW,WW7D,,
V2,KK7LHY,W7W/PL-127,30/03/2025,19:39,7MHz,CW,NT3S,,
V2,KK7LHY,W7W/PL-153,30/03/2025,22:08,7MHz,CW,W6DT,,
V2,KK7LHY,W7W/PL-153,30/03/2025,22:08,7MHz,CW,NR7Y,,
V2,KK7LHY,W7W/PL-153,30/03/2025,22:10,7MHz,CW,WV1T,,
V2,KK7LHY,W7W/PL-153,30/03/2025,22:11,7MHz,CW,W6TDX,,
V2,KK7LHY,W7W/PL-153,30/03/2025,22:12,7MHz,CW,NT3S,,
V2,KK7LHY,W7W/PL-153,30/03/2025,22:14,7MHz,CW,NU7A,,
V2,KK7LHY,W7W/PL-153,30/03/2025,22:25,14MHz,CW,N7MQ,,
V2,KK7LHY,W7W/PL-153,30/03/2025,22:28,14MHz,CW,WB7BWZ,,
V2,KK7LHY,W7W/PL-153,30/03/2025,22:32,14MHz,CW,K9NO,,
V2,KK7LHY,W7W/PL-153,30/03/2025,22:33,14MHz,CW,AI6XG,,
V2,KK7LHY,W7W/PL-153,30/03/2025,22:40,21MHz,CW,K6NOV,,
V2,KK7LHY,W7W/PL-153,30/03/2025,22:41,21MHz,CW,WA7JTM,,
V2,KK7LHY,W7W/PL-153,30/03/2025,22:48,21MHz,CW,JH1MXV,,
V2,KK7LHY,W7W/PL-153,30/03/2025,22:51,21MHz,CW,N4EX,,
V2,KK7LHY,W7W/PL-153,30/03/2025,23:00,7MHz,CW,WW7D,,
V2,KK7LHY,W7W/PL-153,30/03/2025,23:00,7MHz,CW,WU7H,,
V2,KK7LHY,W6/SD-037,07/04/2025,02:34,7MHz,CW,KD7DTS,,"s599 r599"
V2,KK7LHY,W6/SD-037,07/04/2025,02:36,7MHz,CW,NT6E,,"s559 r559"
V2,KK7LHY,W6/SD-037,07/04/2025,02:38,7MHz,CW,WU7H,,"s559 r579"
V2,KK7LHY,W6/SD-037,07/04/2025,02:40,7MHz,CW,WA7BEN,,"s539 r559"
V2,KK7LHY,W6/SD-037,07/04/2025,02:41,7MHz,CW,K6ARK,,"s599 r589"
V2,KK7LHY,W6/SD-037,07/04/2025,02:42,7MHz,CW,K6STR,,"s599 r599"
V2,KK7LHY,W6/SD-037,07/04/2025,02:45,7MHz,CW,K5DEZ,,"s559 r559"
V2,KK7LHY,W6/SD-037,07/04/2025,02:47,7MHz,CW,N7PN,,"s579 r599"
V2,KK7LHY,W7W/SN-161,12/04/2025,20:51,7MHz,CW,WU7H,,"s579 r339, 5watts into EFHW"
V2,KK7LHY,W7W/SN-161,12/04/2025,20:52,7MHz,CW,W6TDX,,"s579 r559, 5watts into EFHW"
V2,KK7LHY,W7W/SN-161,12/04/2025,21:11,7MHz,CW,WW7D,,"s579 r219, 5watts into EFHW"
V2,KK7LHY,W7W/SN-161,12/04/2025,21:13,7MHz,CW,K7MK,,"s559 r229, 5watts into EFHW"
V2,KK7LHY,W7W/SN-161,12/04/2025,21:25,14MHz,CW,WW7D,,"s579 r539, 5watts into EFHW"
V2,KK7LHY,W7W/SN-161,12/04/2025,21:26,14MHz,CW,WB6POT,,"s579 r569, 5watts into EFHW"
V2,KK7LHY,W7W/SN-161,12/04/2025,21:27,14MHz,CW,KJ7LLS,,"s559 r559, 5watts into EFHW"
V2,KK7LHY,W7W/SK-181,13/04/2025,22:10,7MHz,CW,W6TDX,,"s579 r579, 5watts into EFHW"
V2,KK7LHY,W7W/SK-181,13/04/2025,22:20,7MHz,CW,WX7OR,,"s559 r559, 5watts into EFHW"
V2,KK7LHY,W7W/SK-181,13/04/2025,22:32,14MHz,CW,K1CT,,"s559 r339, 5watts into EFHW"
V2,KK7LHY,W7W/SK-181,13/04/2025,22:39,21MHz,CW,JH1MXV,,"s419 r319, 5watts into EFHW"
V2,KK7LHY,W7W/SK-181,13/04/2025,22:44,21MHz,CW,JG0AWE,,"s319 r419, 5watts into EFHW"
V2,KK7LHY,W7W/SK-181,13/04/2025,22:46,21MHz,CW,W4JKC,,"s559 r559, 5watts into EFHW"
V2,KK7LHY,W7W/SK-181,13/04/2025,23:03,7MHz,CW,WU7H,,"s559 r559, 5watts into EFHW"
V2,KK7LHY,W7W/SK-181,13/04/2025,23:04,7MHz,CW,WW7D,,"s559 r539, 5watts into EFHW"
V2,KK7LHY,W7W/SK-181,13/04/2025,23:06,7MHz,CW,KD7QOW,,"s579 r559, 5watts into EFHW"
V2,KK7LHY,W8O/SW-012,18/04/2025,00:03,7MHz,CW,N4DCW,,"s579 r599, 5watts into EFHW"
V2,KK7LHY,W8O/SW-012,18/04/2025,00:08,7MHz,CW,KB0WLF,,"s579 r559, 5watts into EFHW"
V2,KK7LHY,W8O/SW-012,18/04/2025,23:29,14MHz,CW,WW7D,,"s529 r429, 5watts into EFHW"
V2,KK7LHY,W8O/SW-012,18/04/2025,23:33,14MHz,CW,WU7H,,"s319 r319, 5watts into EFHW"
V2,KK7LHY,W8O/SW-012,18/04/2025,23:41,21MHz,CW,K9PM,,"s559 r529, 5watts into EFHW"
V2,KK7LHY,W7W/PL-138,26/04/2025,18:01,7MHz,CW,WB6POT,,"s579 r559, 5watts into EFHW"
V2,KK7LHY,W7W/PL-138,26/04/2025,18:02,7MHz,CW,WW7D,,"s579 r569, 5watts into EFHW"
V2,KK7LHY,W7W/PL-138,26/04/2025,18:05,7MHz,CW,K6EL,,"s539 r519, 5watts into EFHW"
V2,KK7LHY,W7W/PL-138,26/04/2025,18:05,7MHz,CW,WU7H,,"s599 r559, 5watts into EFHW"
V2,KK7LHY,W7W/PL-138,26/04/2025,18:12,7MHz,CW,W6DT,,"s579 r559, 5watts into EFHW"
V2,KK7LHY,W7W/PL-138,26/04/2025,18:13,7MHz,CW,K7JRO,,"s579 r579, 5watts into EFHW"
V2,KK7LHY,W7W/PL-138,26/04/2025,18:35,14MHz,CW,KN6CX,,"s559 r549, 5watts into EFHW"
V2,KK7LHY,W7W/PL-138,26/04/2025,18:36,14MHz,CW,KT5X,,"s559 r329, 5watts into EFHW"
V2,KK7LHY,W7W/PL-138,26/04/2025,18:38,14MHz,CW,KK7KKT,,"s579 r559, 5watts into EFHW"
V2,KK7LHY,W7W/PL-138,26/04/2025,18:48,7MHz,CW,WA7BEN,,"s569 r599, 5watts into EFHW"
V2,KK7LHY,W7W/PL-138,26/04/2025,19:01,21MHz,CW,AK5SD,,"s559 r419, 5watts into EFHW"
V2,KK7LHY,W7W/PL-138,26/04/2025,19:20,14MHz,CW,F4WBN,,"s559 r559, 5watts into EFHW"
V2,KK7LHY,W7W/PL-138,26/04/2025,19:37,14MHz,CW,K6STR,,"s559 r579, 5watts into EFHW"
V2,KK7LHY,W7W/PL-138,26/04/2025,19:45,14MHz,CW,NS7F,,"s599 r539, 5watts into EFHW"
V2,KK7LHY,W7W/PL-138,26/04/2025,20:07,144MHz,FM,AG7OO,,"s59 r57, 5watts into 1/2-wave (MFJ)"
V2,KK7LHY,W7W/SO-056,26/04/2025,22:42,7MHz,CW,K7JRO,,"s559 r599, 5watts into EFHW"
V2,KK7LHY,W7W/SO-056,26/04/2025,22:43,7MHz,CW,WW7D,,"s579 r559, 5watts into EFHW"
V2,KK7LHY,W7W/SO-056,26/04/2025,22:45,7MHz,CW,WU7H,,"s579 r559, 5watts into EFHW"
V2,KK7LHY,W7W/SO-056,26/04/2025,22:52,14MHz,CW,NE6NE,,"s559 r599, 5watts into EFHW"
V2,KK7LHY,W7W/SO-056,26/04/2025,22:55,14MHz,CW,F4WBN,,"s559 r599, 5watts into EFHW"
V2,KK7LHY,W7W/SO-056,26/04/2025,22:58,14MHz,CW,AG6AQ,,"s539 r539, 5watts into EFHW"
V2,KK7LHY,W7W/SO-056,26/04/2025,23:08,21MHz,CW,JA1VVH,,"s529 r529, 5watts into EFHW"
V2,KK7LHY,W7W/SO-056,26/04/2025,23:09,21MHz,CW,JG0AWE,,"s539 r559, 5watts into EFHW"
V2,KK7LHY,W7W/SO-056,26/04/2025,23:11,21MHz,CW,W7BPM,,"s579 r529, 5watts into EFHW"
V2,KK7LHY,W7W/SO-056,26/04/2025,23:13,21MHz,CW,K2LT,,"s419 r339, 5watts into EFHW"
V2,KK7LHY,W7W/SO-056,26/04/2025,23:27,144MHz,FM,W7BPM,,"s59 r59, 5watts into 1/2-wave (MFJ)"
V2,KK7LHY,W7W/SO-056,26/04/2025,23:28,144MHz,FM,K6IR,,"s59 r59, 5watts into 1/2-wave (MFJ)"
V2,KK7LHY,W7W/SO-056,26/04/2025,23:32,144MHz,FM,N7LHK,,"s59 r59, 5watts into 1/2-wave (MFJ)"
V2,KK7LHY,W7W/SO-056,26/04/2025,23:33,144MHz,FM,KJ7AAI,,"s59 r59, 5watts into 1/2-wave (MFJ)"
V2,KK7LHY,W7W/SO-056,26/04/2025,23:40,144MHz,FM,KK7RUR,,"s59 r59, 5watts into 1/2-wave (MFJ)"
V2,KK7LHY,W7W/SN-185,25/05/2025,16:18,14MHz,CW,AJ6CL,,"s539 r339, 5watts into EFHW"
V2,KK7LHY,W7W/SN-185,25/05/2025,16:59,14MHz,CW,NJ0Q,,"s519 r0, 5watts into EFHW"
V2,KK7LHY,W7W/SN-185,25/05/2025,17:10,14MHz,CW,N0MTN,,"s529 r119, 5watts into EFHW"
V2,KK7LHY,W7W/SN-185,25/05/2025,17:13,7MHz,CW,KF7PXT,,"s559 r559, 5watts into EFHW"
V2,KK7LHY,W7W/SN-185,25/05/2025,17:26,14MHz,CW,K7FC,,"s579 r599, 5watts into EFHW"
V2,KK7LHY,W7W/SN-185,25/05/2025,17:41,144MHz,FM,K2VFZ,,"s59 r59, 5watts into 1/2-wave (MFJ)"
V2,KK7LHY,W7W/SN-185,25/05/2025,17:48,14MHz,CW,N9OHW,,"s559 r559, 5watts into EFHW"
V2,KK7LHY,W7W/SN-185,25/05/2025,17:54,7MHz,CW,KQ7I,,"s599 r599, 5watts into EFHW"
V2,KK7LHY,W7W/SN-185,25/05/2025,17:55,7MHz,CW,WU7H,,"s599 r599, 5watts into EFHW"
V2,KK7LHY,W7W/SN-185,25/05/2025,17:56,7MHz,CW,WW7D,,"s599 r579, 5watts into EFHW"
V2,KK7LHY,W7W/SN-185,25/05/2025,18:01,7MHz,CW,N7NWT,,"s579 r539, 5watts into EFHW"
V2,KK7LHY,W7W/SN-185,25/05/2025,18:04,7MHz,CW,KN6RDC,,"s559 r449, 5watts into EFHW"
V2,KK7LHY,W7W/SN-185,25/05/2025,18:08,7MHz,CW,N7LFO,,"s579 r599, 5watts into EFHW"
V2,KK7LHY,W7W/SN-185,25/05/2025,18:11,7MHz,CW,NU7A,,"s559 r339, 5watts into EFHW"
V2,KK7LHY,W7W/SN-185,25/05/2025,18:21,14MHz,CW,WB6POT,,"s569 r559, 5watts into EFHW"
V2,KK7LHY,W7W/SN-185,25/05/2025,18:22,14MHz,CW,F4WBN,,"s539 r599, 5watts into EFHW"
V2,KK7LHY,W7W/SN-185,25/05/2025,18:23,14MHz,CW,KN6RDC,,"s539 r559, 5watts into EFHW"
V2,KK7LHY,W7W/SN-185,25/05/2025,18:25,14MHz,CW,K1CT,,"s539 r559, 5watts into EFHW"
V2,KK7LHY,W7W/SN-185,25/05/2025,18:26,14MHz,CW,JG0AWE,,"s119 r449, 5watts into EFHW"
V2,KK7LHY,W7W/SN-185,25/05/2025,19:04,14MHz,CW,K6STR,,"s339 r339, 5watts into EFHW"
V2,KK7LHY,W7W/SN-185,25/05/2025,19:22,14MHz,CW,N6RUN,,"s219 r219, 5watts into EFHW"
V2,KK7LHY,W7W/SN-185,25/05/2025,20:45,14MHz,CW,AC6M,,"s539 r559, 5watts into EFHW"
V2,KK7LHY,W7W/SN-185,25/05/2025,20:57,14MHz,CW,NB0W,,"s559 r339, 5watts into EFHW"
V2,KK7LHY,W7W/CW-076,31/05/2025,16:37,14MHz,CW,N6AN,,"s559 r339, 5watts into EFHW"
V2,KK7LHY,W7W/CW-076,31/05/2025,16:41,14MHz,CW,N6ARA,,"s559 r559, 5watts into EFHW"
V2,KK7LHY,W7W/CW-076,31/05/2025,16:46,14MHz,CW,KT0A,,"s539 r559, 5watts into EFHW"
V2,KK7LHY,W7W/CW-076,31/05/2025,16:55,21MHz,CW,W7UM,,"s539 r569, 5watts into EFHW"
V2,KK7LHY,W7W/CW-076,31/05/2025,17:04,144MHz,FM,KK7UKE,,"s59 r59, 5watts into 1/2-wave (MFJ)"
V2,KK7LHY,W7W/CW-076,31/05/2025,17:05,144MHz,FM,KK7ULL,,"s59 r59, 5watts into 1/2-wave (MFJ)"
V2,KK7LHY,W7W/CW-076,31/05/2025,17:13,7MHz,CW,KN6RDC,,"s559 r559, 5watts into EFHW"
V2,KK7LHY,W7W/CW-076,31/05/2025,17:14,7MHz,CW,WU7H,,"s559 r439, 5watts into EFHW"
V2,KK7LHY,W7W/CW-076,31/05/2025,17:15,7MHz,CW,K5EM,,"s599 r529, 5watts into EFHW"
V2,KK7LHY,W7W/CW-076,31/05/2025,17:18,7MHz,CW,N6RUN,,"s599 r229, 5watts into EFHW"
V2,KK7LHY,W7W/CW-076,31/05/2025,17:21,7MHz,CW,KX0R,,"s419 r339, 5watts into EFHW"
V2,KK7LHY,W7W/CW-076,31/05/2025,17:24,7MHz,CW,KT0A,,"s539 r449, 5watts into EFHW"
V2,KK7LHY,W7W/CW-076,31/05/2025,17:26,7MHz,CW,K6EL,,"s539 r539, 5watts into EFHW"
V2,KK7LHY,W7W/CW-076,31/05/2025,17:40,14MHz,CW,WA7JTM,,"s559 r549, 5watts into EFHW"
V2,KK7LHY,W7W/CW-076,31/05/2025,17:40,14MHz,CW,WW7D,,"s559 r519, 5watts into EFHW"
V2,KK7LHY,W7W/CW-076,31/05/2025,17:43,14MHz,CW,KC0DGR,,"s559 r559, 5watts into EFHW"
V2,KK7LHY,W7W/CW-076,31/05/2025,17:45,14MHz,CW,KQ6MT,,"s539 r559, 5watts into EFHW"
V2,KK7LHY,W7W/CW-076,31/05/2025,17:51,21MHz,CW,K6HPX,,"s569 r529, 5watts into EFHW"
V2,KK7LHY,W7W/CW-076,31/05/2025,17:53,21MHz,CW,W7UM,,"s539 r339, 5watts into EFHW"
V2,KK7LHY,W7W/CW-076,31/05/2025,17:58,21MHz,CW,KF6HI,,"s319 r0, 5watts into EFHW"
V2,KK7LHY,W7W/CW-076,31/05/2025,18:02,21MHz,CW,K6HPX,,"s559 r539, 5watts into EFHW"
V2,KK7LHY,W7W/CW-076,31/05/2025,18:04,21MHz,CW,KC1MXB,,"s419 r319, 5watts into EFHW"
V2,KK7LHY,W7W/CW-076,31/05/2025,18:48,144MHz,FM,WA7BEN,,"s59 r59, 5watts into 1/2-wave (MFJ)"
V2,KK7LHY,W7W/CW-076,31/05/2025,19:01,7MHz,CW,KC7WXD,,"s439 r229, 5watts into EFHW"
V2,KK7LHY,W7W/CW-076,31/05/2025,19:29,144MHz,FM,WA7OOO,,"s59 r59, 5watts into 1/2-wave (MFJ)"
V2,KK7LHY,W7W/MC-001,07/06/2025,20:29,144MHz,FM,W7NY,,
V2,KK7LHY,W7W/MC-001,07/06/2025,20:30,144MHz,FM,KG7EJT,,
V2,KK7LHY,W7W/MC-001,07/06/2025,20:31,144MHz,FM,AC7MA,,
V2,KK7LHY,W7W/MC-001,07/06/2025,20:32,144MHz,FM,K7JRO,,
V2,KK7LHY,W7W/MC-001,07/06/2025,20:37,144MHz,FM,WU7H,,
V2,KK7LHY,W7W/MC-001,07/06/2025,20:38,144MHz,FM,WW7D,,
V2,KK7LHY,W7W/MC-001,07/06/2025,20:42,144MHz,FM,K5EM,,
V2,KK7LHY,W7W/CW-056,22/06/2025,17:35,14MHz,CW,N6ARA,,
V2,KK7LHY,W7W/CW-056,22/06/2025,17:40,7MHz,CW,WW7D,,
V2,KK7LHY,W7W/CW-056,22/06/2025,17:41,7MHz,CW,WU7H,,
V2,KK7LHY,W7W/CW-056,22/06/2025,17:43,7MHz,CW,K5EM,,
V2,KK7LHY,W7W/CW-056,22/06/2025,17:44,7MHz,CW,WB7BWZ,,
V2,KK7LHY,W7W/CW-056,22/06/2025,17:47,7MHz,CW,KK7LVA,,
V2,KK7LHY,W7W/CW-056,22/06/2025,17:48,7MHz,CW,K6EL,,
V2,KK7LHY,W7W/CW-056,22/06/2025,17:50,7MHz,CW,W6TDX,,
V2,KK7LHY,W7W/CW-056,22/06/2025,17:57,14MHz,CW,W0MNA,,
V2,KK7LHY,W7W/CW-056,22/06/2025,17:58,14MHz,CW,W0ERI,,
V2,KK7LHY,W7W/CW-056,22/06/2025,18:01,14MHz,CW,JG0AWE,,
V2,KK7LHY,W7W/CW-056,22/06/2025,18:03,14MHz,CW,WB6POT,,
V2,KK7LHY,W7W/CW-056,22/06/2025,18:04,14MHz,CW,KF9D,,
V2,KK7LHY,W7W/CW-056,22/06/2025,18:05,14MHz,CW,K7ATN,,
V2,KK7LHY,W7W/CW-056,22/06/2025,18:06,14MHz,CW,K6HPX,,
V2,KK7LHY,W7W/CW-056,22/06/2025,18:27,14MHz,CW,N6KM,,
V2,KK7LHY,W7W/CW-056,22/06/2025,18:44,14MHz,CW,N1CLC,,
V2,KK7LHY,W7W/CW-037,22/06/2025,20:55,7MHz,CW,WW7D,,
V2,KK7LHY,W7W/CW-037,22/06/2025,20:55,7MHz,CW,K5EM,,
V2,KK7LHY,W7W/CW-037,22/06/2025,21:05,7MHz,CW,KD7LX,,
V2,KK7LHY,W7W/CW-037,22/06/2025,21:08,14MHz,CW,F4WBN,,
V2,KK7LHY,W7W/CW-037,22/06/2025,21:09,14MHz,CW,W0ERI,,
V2,KK7LHY,W7W/CW-037,22/06/2025,21:09,14MHz,CW,W0MNA,,
V2,KK7LHY,W7W/CW-037,22/06/2025,21:10,14MHz,CW,K6YK,,
V2,KK7LHY,W7W/CW-037,22/06/2025,21:11,14MHz,CW,7N1FRE,,
V2,KK7LHY,W7W/CW-037,22/06/2025,21:12,14MHz,CW,WB6POT,,
V2,KK7LHY,W7W/CW-037,22/06/2025,21:22,21MHz,CW,F4WBN,,
V2,KK7LHY,W7W/CW-037,22/06/2025,21:26,21MHz,CW,JH1MXV,,
V2,KK7LHY,W7W/CW-037,22/06/2025,21:36,144MHz,FM,KK7RUR,,
V2,KK7LHY,W7W/KG-074,29/06/2025,01:16,144MHz,FM,W3TOJ,,
V2,KK7LHY,W7W/KG-074,29/06/2025,01:17,144MHz,FM,KK7UUM,,
V2,KK7LHY,W7W/KG-074,29/06/2025,01:18,144MHz,FM,WU7H,,
V2,KK7LHY,W7W/KG-074,29/06/2025,01:19,144MHz,FM,WW7D,,
V2,KK7LHY,W7W/KG-074,29/06/2025,01:20,144MHz,FM,WA7NCL,,
V2,KK7LHY,W7W/KG-074,29/06/2025,01:20,144MHz,FM,AC7MA,,
V2,KK7LHY,W7W/KG-074,29/06/2025,01:22,144MHz,FM,W7ODO,,
V2,KK7LHY,W7W/KG-074,29/06/2025,01:23,144MHz,FM,K6IR,,
V2,KK7LHY,W7W/KG-074,29/06/2025,01:31,144MHz,FM,KK7RUR,,
V2,KK7LHY,W7W/KG-074,29/06/2025,01:36,144MHz,FM,AA7RM,,
V2,KK7LHY,W7W/KG-074,29/06/2025,01:47,144MHz,FM,W7AW,,
V2,KK7LHY,W7W/KG-074,29/06/2025,01:53,144MHz,FM,KK7VNR,,
V2,KK7LHY,W7W/KG-074,29/06/2025,01:55,144MHz,FM,K7LED,,
V2,KK7LHY,W7W/KG-060,29/06/2025,14:10,7MHz,CW,W6LEN,,
V2,KK7LHY,W7W/KG-060,29/06/2025,14:13,7MHz,CW,WA7JTM,,
V2,KK7LHY,W7W/KG-060,29/06/2025,14:15,7MHz,CW,WU7H,,
V2,KK7LHY,W7W/KG-060,29/06/2025,14:16,7MHz,CW,WA7NCL,,
V2,KK7LHY,W7W/KG-060,29/06/2025,14:17,7MHz,CW,AC7MA,,
V2,KK7LHY,W7W/KG-060,29/06/2025,14:31,14MHz,CW,AC7P,,
V2,KK7LHY,W7W/KG-060,29/06/2025,14:40,21MHz,CW,W7ODO,,
V2,KK7LHY,VE7/FV-364,05/07/2025,19:22,7MHz,CW,W6TDX,,
V2,KK7LHY,VE7/FV-364,05/07/2025,19:26,7MHz,CW,KF7WI,,
V2,KK7LHY,VE7/FV-364,05/07/2025,19:28,7MHz,CW,K1CT,,
V2,KK7LHY,VE7/FV-364,05/07/2025,19:29,7MHz,CW,WU7H,,
V2,KK7LHY,VE7/FV-364,05/07/2025,19:33,7MHz,CW,W7YD,,
V2,KK7LHY,VE7/FV-364,05/07/2025,19:34,7MHz,CW,NN7M,,
V2,KK7LHY,W7W/CW-011,19/07/2025,20:21,7MHz,CW,WW7D,,
V2,KK7LHY,W7W/CW-011,19/07/2025,20:21,7MHz,CW,N7BBQ,,
V2,KK7LHY,W7W/CW-011,19/07/2025,20:22,7MHz,CW,K7JRO,,
V2,KK7LHY,W7W/CW-011,19/07/2025,20:25,7MHz,CW,K6EL,,
V2,KK7LHY,W7W/CW-011,19/07/2025,20:26,7MHz,CW,N7NWT,,
V2,KK7LHY,W7W/CW-011,19/07/2025,20:27,7MHz,CW,AC7MA,,
V2,KK7LHY,W7W/CW-011,19/07/2025,20:34,14MHz,CW,KN6DMO,,
V2,KK7LHY,W7W/CW-011,19/07/2025,20:36,14MHz,CW,W4GO,,
V2,KK7LHY,W7W/CW-011,19/07/2025,20:42,14MHz,CW,W4JKC,,
V2,KK7LHY,W7W/CW-011,19/07/2025,20:46,14MHz,CW,K6YK,,
V2,KK7LHY,W7W/CW-011,19/07/2025,21:16,144MHz,FM,KK7RPI,,
V2,KK7LHY,W7W/CW-011,19/07/2025,21:20,144MHz,FM,W7BCM,,
V2,KK7LHY,W7W/MC-001,04/08/2025,20:17,7MHz,CW,WU7H,,
V2,KK7LHY,W7W/MC-001,04/08/2025,20:19,7MHz,CW,K6EL,,
V2,KK7LHY,W7W/MC-001,04/08/2025,20:20,7MHz,CW,WW7D,,
V2,KK7LHY,W7W/MC-001,04/08/2025,20:21,7MHz,CW,WB6POT,,
V2,KK7LHY,W7W/MC-001,04/08/2025,20:21,7MHz,CW,KF7PXT,,
V2,KK7LHY,W7W/MC-001,04/08/2025,20:22,7MHz,CW,N7NWT,,
V2,KK7LHY,W7W/MC-001,04/08/2025,20:23,7MHz,CW,KN6RDC,,
V2,KK7LHY,W7W/MC-001,04/08/2025,20:24,7MHz,CW,K5EM,,
V2,KK7LHY,W7W/MC-001,04/08/2025,20:24,7MHz,CW,W6JP,,
V2,KK7LHY,W7W/MC-001,04/08/2025,20:25,7MHz,CW,N7KOM,,
V2,KK7LHY,W7W/MC-001,04/08/2025,20:26,7MHz,CW,N7UN,,
V2,KK7LHY,W7W/MC-001,04/08/2025,20:29,7MHz,CW,WB7VTY,,
V2,KK7LHY,W7W/MC-001,04/08/2025,20:31,7MHz,CW,W7ODO,,
V2,KK7LHY,W7W/MC-001,04/08/2025,20:32,7MHz,CW,N7LFO,,
V2,KK7LHY,W7W/MC-001,04/08/2025,20:45,14MHz,CW,W5ODS,,
V2,KK7LHY,W7W/MC-001,04/08/2025,20:46,14MHz,CW,KF9D,,
V2,KK7LHY,W7W/MC-001,04/08/2025,20:47,14MHz,CW,F4WBN,,
V2,KK7LHY,W7W/SK-016,08/08/2025,18:00,7MHz,CW,K6EL,,
V2,KK7LHY,W7W/SK-016,08/08/2025,18:02,7MHz,CW,WU7H,,
V2,KK7LHY,W7W/SK-016,08/08/2025,18:03,7MHz,CW,KF7PXT,,
V2,KK7LHY,W7W/SK-016,08/08/2025,18:05,7MHz,CW,WB6POT,,
V2,KK7LHY,W7W/SK-016,08/08/2025,18:05,7MHz,CW,VE7EAW,,
V2,KK7LHY,W7W/LC-001,23/08/2025,19:43,7MHz,CW,KD7QOW,,
V2,KK7LHY,W7W/LC-001,23/08/2025,19:43,7MHz,CW,WW7D,,
V2,KK7LHY,W7W/LC-001,23/08/2025,19:44,7MHz,CW,AG7GP,,
V2,KK7LHY,W7W/LC-001,23/08/2025,19:46,7MHz,CW,AC7MA,,
V2,KK7LHY,W7W/LC-001,23/08/2025,19:47,7MHz,CW,WB6POT,,
V2,KK7LHY,W7W/LC-001,23/08/2025,19:54,14MHz,CW,NN7O,,
V2,KK7LHY,W7W/LC-001,23/08/2025,19:56,14MHz,CW,W7USA,,
V2,KK7LHY,W7W/LC-001,23/08/2025,19:57,14MHz,CW,K1CT,,
V2,KK7LHY,W7W/LC-001,23/08/2025,19:58,14MHz,CW,N7AMA,,
V2,KK7LHY,W7W/LC-001,23/08/2025,20:00,14MHz,CW,WA2PCN,,
V2,KK7LHY,W7W/LC-001,23/08/2025,20:09,21MHz,CW,K6HPX,,
V2,KK7LHY,W7W/LC-001,23/08/2025,20:10,21MHz,CW,N4EX,,
V2,KK7LHY,W7W/LC-001,23/08/2025,20:15,21MHz,CW,N2ESE,,
V2,KK7LHY,W7W/LC-001,23/08/2025,20:28,144MHz,FM,NR7Y,,
V2,KK7LHY,W7W/LC-001,23/08/2025,20:29,144MHz,FM,WJ7WJ,,
V2,KK7LHY,W7W/LC-001,23/08/2025,20:29,144MHz,FM,K7AGL,,
V2,KK7LHY,W7W/LC-001,23/08/2025,20:30,144MHz,FM,KG7WED,,
V2,KK7LHY,W7W/LC-001,23/08/2025,20:31,144MHz,FM,ND7Y,,
V2,KK7LHY,W7W/LC-001,23/08/2025,20:31,144MHz,FM,K7JRO,,
V2,KK7LHY,W7W/LC-001,23/08/2025,20:32,144MHz,FM,K3OG,,
V2,KK7LHY,W7W/LC-001,23/08/2025,20:33,144MHz,FM,KF7THZ,,
V2,KK7LHY,W7W/LC-001,23/08/2025,20:33,144MHz,FM,AK4WA,,
V2,KK7LHY,W7W/LC-001,23/08/2025,20:34,144MHz,FM,KJ7AAI,,
V2,KK7LHY,W7W/LC-001,23/08/2025,20:40,144MHz,FM,KJ7ZVK,,
V2,KK7LHY,W7W/LC-001,23/08/2025,20:41,144MHz,FM,KF7UXR,,
V2,KK7LHY,W7W/LC-001,23/08/2025,20:43,144MHz,FM,K7STB,,
V2,KK7LHY,W7W/KG-076,31/08/2025,18:22,144MHz,FM,AC7PB,,
V2,KK7LHY,W7W/KG-076,31/08/2025,18:30,433MHz,FM,KK7LMP,,
V2,KK7LHY,W7W/KG-076,31/08/2025,18:30,144MHz,FM,KK7LMP,,
V2,KK7LHY,W7W/KG-076,31/08/2025,19:03,14MHz,CW,K7SHR,,
V2,KK7LHY,W7W/KG-076,31/08/2025,19:13,14MHz,CW,AG7TX,,
V2,KK7LHY,W7W/KG-076,31/08/2025,19:21,21MHz,CW,K2EAG,,
V2,KK7LHY,W7W/KG-076,31/08/2025,19:42,7MHz,CW,WJ7WJ,,
V2,KK7LHY,W7W/KG-076,31/08/2025,19:45,7MHz,CW,WW7D,,
V2,KK7LHY,W7W/KG-076,31/08/2025,19:46,7MHz,CW,N7BYD,,
V2,KK7LHY,W7W/KG-076,31/08/2025,19:47,7MHz,CW,KD7QT,,
V2,KK7LHY,W7W/KG-076,31/08/2025,19:48,7MHz,CW,K7ATN,,
V2,KK7LHY,W7W/KG-076,31/08/2025,19:49,7MHz,CW,K1CT,,
V2,KK7LHY,W7W/KG-076,31/08/2025,19:50,7MHz,CW,NR7Y,,
V2,KK7LHY,W7W/KG-076,31/08/2025,19:51,7MHz,CW,WA7BEN,,
V2,KK7LHY,W7W/KG-076,31/08/2025,19:52,7MHz,CW,NS7P,,
V2,KK7LHY,W7W/KG-076,31/08/2025,20:04,14MHz,CW,N3BEN,,
V2,KK7LHY,W7W/KG-076,31/08/2025,20:08,14MHz,CW,KN6OMN,,
V2,KK7LHY,W7W/KG-076,31/08/2025,20:09,14MHz,CW,F4WBN,,
V2,KK7LHY,W7W/KG-076,31/08/2025,20:11,14MHz,CW,KF6HI,,
V2,KK7LHY,W7W/KG-076,31/08/2025,20:12,14MHz,CW,NT6E,,
V2,KK7LHY,W7W/KG-076,31/08/2025,20:13,14MHz,CW,AC7MA,,
V2,KK7LHY,W7W/KG-076,31/08/2025,20:14,14MHz,CW,W5ODS,,
V2,KK7LHY,W7W/KG-076,31/08/2025,20:15,14MHz,CW,KX0Y,,
V2,KK7LHY,W7W/KG-076,31/08/2025,20:28,21MHz,CW,AJ7CM,,
V2,KK7LHY,W7W/KG-076,31/08/2025,20:32,21MHz,CW,F4WBN,,
V2,KK7LHY,W7W/KG-076,31/08/2025,20:34,21MHz,CW,AK5SD,,
V2,KK7LHY,W7W/KG-076,31/08/2025,20:35,21MHz,CW,K6HPX,,
V2,KK7LHY,W7W/KG-076,31/08/2025,20:39,21MHz,CW,KF6HI,,
V2,KK7LHY,W7W/KG-076,31/08/2025,20:44,21MHz,CW,K3TCU,,
V2,KK7LHY,W7W/KG-076,31/08/2025,20:47,21MHz,CW,K4QS,,
V2,KK7LHY,W7W/KG-076,31/08/2025,20:48,21MHz,CW,W0MNA,,
V2,KK7LHY,W7W/KG-076,31/08/2025,20:48,21MHz,CW,N4GO,,
V2,KK7LHY,W7W/KG-076,31/08/2025,20:49,21MHz,CW,W0ERI,,
V2,KK7LHY,W7W/KG-076,31/08/2025,20:55,21MHz,CW,KQ0E,,
V2,KK7LHY,W7W/KG-076,31/08/2025,20:56,21MHz,CW,JH1MXV,,
V2,KK7LHY,W7W/KG-076,31/08/2025,21:03,144MHz,FM,KG7EJT,,
V2,KK7LHY,W7W/KG-076,31/08/2025,21:09,144MHz,FM,K7CL,,
V2,KK7LHY,W7W/KG-076,31/08/2025,21:10,144MHz,FM,KK7ULL,,
V2,KK7LHY,W7W/KG-076,31/08/2025,21:10,144MHz,FM,N1ELS,,
V2,KK7LHY,W7W/KG-076,31/08/2025,21:11,144MHz,FM,K7JRO,,
V2,KK7LHY,W7W/KG-076,31/08/2025,21:11,144MHz,FM,KK7UKE,,
V2,KK7LHY,W7W/KG-076,31/08/2025,21:13,144MHz,FM,WX7EMT,,
V2,KK7LHY,W7W/KG-076,31/08/2025,21:15,144MHz,FM,KC7EPG,,
V2,KK7LHY,W7W/KG-076,31/08/2025,21:17,144MHz,FM,KC6PQE,,
V2,KK7LHY,W7W/KG-076,31/08/2025,21:32,14MHz,CW,KE6SRO,,
V2,KK7LHY,W7W/KG-076,31/08/2025,21:41,14MHz,CW,W4LOO,,
V2,KK7LHY,W7W/KG-076,31/08/2025,21:44,14MHz,CW,WG0Y,,
V2,KK7LHY,W7W/KG-076,31/08/2025,21:46,14MHz,CW,N7BBQ,,
V2,KK7LHY,W7W/KG-076,31/08/2025,21:58,14MHz,CW,K5SJC,,
V2,KK7LHY,W7W/KG-076,31/08/2025,22:02,14MHz,CW,KC0ZPS,,
V2,KK7LHY,W7W/KG-076,31/08/2025,22:07,7MHz,CW,KD7LX,,
V2,KK7LHY,W7W/KG-076,31/08/2025,22:16,14MHz,CW,N8BB,,
V2,KK7LHY,W7W/KG-076,31/08/2025,22:24,14MHz,CW,KW5CW,,
V2,KK7LHY,W7W/KG-037,01/09/2025,19:19,144MHz,FM,N7NWT,,
V2,KK7LHY,W7W/KG-037,01/09/2025,19:20,144MHz,FM,WW7D,,
V2,KK7LHY,W7W/KG-037,01/09/2025,19:21,144MHz,FM,KK7ULL,,
V2,KK7LHY,W7W/KG-037,01/09/2025,19:22,144MHz,FM,WA7BEN,,
V2,KK7LHY,W7W/KG-037,01/09/2025,19:23,144MHz,FM,KK7UKE,,
V2,KK7LHY,W7W/KG-037,01/09/2025,19:23,144MHz,FM,N1ELS,,
V2,KK7LHY,W7W/KG-037,01/09/2025,19:24,144MHz,FM,K7JRO,,
V2,KK7LHY,W7W/KG-037,01/09/2025,19:25,144MHz,FM,KJ7AAI,,
V2,KK7LHY,W7W/KG-037,01/09/2025,19:26,144MHz,FM,W7NN,,
V2,KK7LHY,W7W/KG-037,01/09/2025,19:30,144MHz,FM,KC7EPG,,
V2,KK7LHY,W7W/CW-099,21/09/2025,04:29,7MHz,CW,N7KOM,,
V2,KK7LHY,W7W/CW-099,21/09/2025,04:29,7MHz,CW,NR7Y,,
V2,KK7LHY,W7W/CW-099,21/09/2025,04:30,7MHz,CW,WW7D,,
V2,KK7LHY,W7W/CW-099,21/09/2025,04:33,7MHz,CW,KH2TJ,,
V2,KK7LHY,W7W/CW-099,21/09/2025,04:35,7MHz,CW,N7IR,,
V2,KK7LHY,W7W/CW-099,21/09/2025,04:38,7MHz,CW,KM6WCO,,
V2,KK7LHY,W7W/CW-099,21/09/2025,04:39,7MHz,CW,N7BYD,,
V2,KK7LHY,W7W/CW-099,21/09/2025,04:41,7MHz,CW,KK6WT,,
V2,KK7LHY,W7W/CW-099,21/09/2025,04:42,7MHz,CW,K6MMM,,
V2,KK7LHY,W7W/CW-099,21/09/2025,04:57,7MHz,CW,KA6BIM,,
V2,KK7LHY,W7W/CW-099,21/09/2025,05:01,7MHz,CW,W7M,,
V2,KK7LHY,W7W/CW-099,21/09/2025,05:04,7MHz,CW,W7M,,
V2,KK7LHY,W7W/CW-099,21/09/2025,05:24,14MHz,CW,AK5SD,,
V2,KK7LHY,W7W/CW-099,21/09/2025,06:40,7MHz,DATA,KI4TAS,,
V2,KK7LHY,W7W/CW-099,21/09/2025,06:49,7MHz,DATA,K6ISS,,
V2,KK7LHY,W7W/CW-099,21/09/2025,06:52,7MHz,DATA,K6NAZ,,
V2,KK7LHY,W7W/CW-063,11/10/2025,20:50,7MHz,CW,WW7D,,
V2,KK7LHY,W7W/CW-063,11/10/2025,20:51,7MHz,CW,N7UN,,
V2,KK7LHY,W7W/CW-063,11/10/2025,20:53,7MHz,CW,K7ATN,,
V2,KK7LHY,W7W/CW-063,11/10/2025,20:55,7MHz,CW,K7CL,,
V2,KK7LHY,W7W/CW-063,11/10/2025,20:56,7MHz,CW,W6TDX,,
V2,KK7LHY,W7W/CW-063,11/10/2025,20:58,7MHz,CW,NU7A,,
V2,KK7LHY,W7W/CW-063,11/10/2025,21:00,7MHz,CW,WB7BWZ,,
V2,KK7LHY,W7W/CW-063,11/10/2025,21:05,14MHz,CW,NT6E,,
V2,KK7LHY,W7W/CW-063,11/10/2025,21:06,14MHz,CW,K6EL,,
V2,KK7LHY,W7W/CW-063,11/10/2025,21:07,14MHz,CW,K6STR,,
V2,KK7LHY,W7W/CW-063,11/10/2025,21:08,14MHz,CW,W6LOR,,
V2,KK7LHY,W7W/CW-063,11/10/2025,21:11,14MHz,CW,KF6HI,,
V2,KK7LHY,W7W/CW-085,11/10/2025,23:57,7MHz,CW,WW7D,,
V2,KK7LHY,W7W/CW-085,11/10/2025,23:57,7MHz,CW,K7CL,,
V2,KK7LHY,W7W/CW-085,11/10/2025,23:58,7MHz,CW,NR7Y,,
V2,KK7LHY,W7W/CW-085,11/10/2025,23:58,7MHz,CW,N7UN,,
V2,KK7LHY,W7W/CW-085,11/10/2025,23:59,7MHz,CW,WJ7WJ,,
V2,KK7LHY,W7W/CW-085,12/10/2025,00:00,7MHz,CW,WX7OR,,
V2,KK7LHY,W7W/CW-085,12/10/2025,00:01,7MHz,CW,WW7D,,
V2,KK7LHY,W7W/CW-085,12/10/2025,00:02,7MHz,CW,NN7M,,
V2,KK7LHY,W7W/CW-085,12/10/2025,00:05,7MHz,CW,K1LB,,
V2,KK7LHY,W7W/CW-085,12/10/2025,00:10,14MHz,CW,WA7JTM,,
V2,KK7LHY,W7W/OK-332,02/11/2025,16:15,7MHz,CW,JG0AWE,,
V2,KK7LHY,W7W/OK-332,02/11/2025,16:20,7MHz,CW,K1CT,,
V2,KK7LHY,W7W/OK-332,02/11/2025,16:20,7MHz,CW,AC6M,,
V2,KK7LHY,W7W/OK-332,02/11/2025,16:23,7MHz,CW,KD7LX,,
V2,KK7LHY,W7W/OK-332,02/11/2025,16:26,7MHz,CW,KX0R,,
V2,KK7LHY,W7W/OK-332,02/11/2025,16:31,14MHz,CW,KN6OMN,,
V2,KK7LHY,W7W/OK-332,02/11/2025,16:37,14MHz,CW,AB0BM,,
V2,KK7LHY,W7W/OK-332,02/11/2025,16:39,14MHz,CW,AK5SD,,
V2,KK7LHY,W7W/RS-055,06/12/2025,00:02,21MHz,CW,N1CLC,,
V2,KK7LHY,W7W/RS-055,06/12/2025,00:04,21MHz,CW,K6MII,,
V2,KK7LHY,W7W/RS-055,06/12/2025,00:07,21MHz,CW,JG0AWE,,
V2,KK7LHY,W7W/RS-055,06/12/2025,00:08,21MHz,CW,N6VHF,,
V2,KK7LHY,W7W/RS-045,06/12/2025,19:21,7MHz,CW,WA7BEN,,
V2,KK7LHY,W7W/RS-045,06/12/2025,19:26,7MHz,CW,KM7COJ,,
V2,KK7LHY,W7W/RS-045,06/12/2025,19:33,7MHz,CW,AE7WE,,
V2,KK7LHY,W7W/RS-045,06/12/2025,19:34,7MHz,CW,KD7LX,,
V2,KK7LHY,W7W/RS-045,06/12/2025,19:36,7MHz,CW,WU7H,,
V2,KK7LHY,W7W/RS-045,06/12/2025,19:37,7MHz,CW,NR7Y,,
V2,KK7LHY,W7W/RS-045,06/12/2025,19:38,7MHz,CW,WW7D,,
V2,KK7LHY,W7W/RS-045,06/12/2025,19:40,7MHz,CW,W7ODO,,
V2,KK7LHY,W7W/RS-045,06/12/2025,19:51,14MHz,CW,WB6POT,,
V2,KK7LHY,W7W/RS-045,06/12/2025,19:53,14MHz,CW,W0MNA,,
V2,KK7LHY,W7W/RS-045,06/12/2025,19:54,14MHz,CW,W0ERI,,
V2,KK7LHY,W7W/RS-045,06/12/2025,19:55,14MHz,CW,WA7JTM,,
V2,KK7LHY,W7W/RS-045,06/12/2025,19:56,14MHz,CW,NT6E,,
V2,KK7LHY,W7W/RS-045,06/12/2025,19:57,14MHz,CW,KE7F,,
V2,KK7LHY,W7W/RS-045,06/12/2025,19:58,14MHz,CW,KX0R,,
V2,KK7LHY,W7W/RS-045,06/12/2025,19:58,14MHz,CW,WA7RLZ,,
V2,KK7LHY,W7W/RS-045,06/12/2025,20:00,14MHz,CW,AI6XG,,
V2,KK7LHY,W7W/RS-045,06/12/2025,20:10,21MHz,CW,KT5X,,
V2,KK7LHY,W7W/RS-045,06/12/2025,20:13,21MHz,CW,AK5SD,,
V2,KK7LHY,W7W/RS-045,06/12/2025,20:18,21MHz,CW,WN2G,,
V2,KK7LHY,W7W/RS-045,06/12/2025,20:19,21MHz,CW,W2WC,,
V2,KK7LHY,W7W/RS-045,06/12/2025,20:20,21MHz,CW,ND0C,,
V2,KK7LHY,W7W/RS-045,06/12/2025,20:22,21MHz,CW,KF6HI,,
V2,KK7LHY,W7W/RS-055,06/12/2025,23:39,7MHz,CW,NN7O,,
V2,KK7LHY,W7W/RS-055,06/12/2025,23:40,7MHz,CW,KR7Q,,
V2,KK7LHY,W7W/RS-055,06/12/2025,23:49,14MHz,CW,WB6POT,,
V2,KK7LHY,W7W/RS-055,06/12/2025,23:51,14MHz,CW,W6DT,,
V2,KK7LHY,W7W/RS-055,06/12/2025,23:53,14MHz,CW,KK6WT,,
V2,KK7LHY,W7W/KG-115,03/01/2026,19:42,7MHz,CW,WW7D,,
V2,KK7LHY,W7W/KG-115,03/01/2026,19:43,7MHz,CW,KE7WB,,
V2,KK7LHY,W7W/KG-115,03/01/2026,19:44,7MHz,CW,KD7LX,,
V2,KK7LHY,W7W/KG-115,03/01/2026,19:44,7MHz,CW,WU7H,,
V2,KK7LHY,W7W/KG-115,03/01/2026,19:49,7MHz,CW,N7ANH,,
V2,KK7LHY,W7W/KG-115,03/01/2026,19:50,7MHz,CW,NU7A,,
V2,KK7LHY,W7W/KG-115,03/01/2026,19:51,7MHz,CW,WJ7WJ,,
V2,KK7LHY,W7W/KG-115,03/01/2026,20:10,14MHz,CW,K7MK,,
V2,KK7LHY,W7W/KG-115,03/01/2026,20:11,14MHz,CW,WA7BEN,,
V2,KK7LHY,W7W/KG-115,03/01/2026,20:12,14MHz,CW,K7CL,,
V2,KK7LHY,W7W/KG-115,03/01/2026,20:14,14MHz,CW,K1CT,,
V2,KK7LHY,W7W/KG-115,03/01/2026,20:16,14MHz,CW,N7ANH,,
V2,KK7LHY,W7W/KG-115,03/01/2026,20:17,14MHz,CW,W5ODS,,
V2,KK7LHY,W7W/KG-115,03/01/2026,20:18,14MHz,CW,K6EL,,
V2,KK7LHY,W7W/KG-115,03/01/2026,20:20,14MHz,CW,KX0R,,
V2,KK7LHY,W7W/KG-115,03/01/2026,20:21,14MHz,CW,K7JRO,,
V2,KK7LHY,W7W/KG-115,03/01/2026,20:22,14MHz,CW,K5EM,,
V2,KK7LHY,W7W/KG-115,03/01/2026,20:23,14MHz,CW,W4JKC,,
V2,KK7LHY,W7W/KG-115,03/01/2026,20:39,21MHz,CW,K6MII,,
V2,KK7LHY,W7W/KG-115,03/01/2026,20:40,21MHz,CW,W0MNA,,
V2,KK7LHY,W7W/KG-115,03/01/2026,20:41,21MHz,CW,W0ERI,,
V2,KK7LHY,W7W/KG-115,03/01/2026,20:42,21MHz,CW,AG7NR/M,,
V2,KK7LHY,W7W/KG-115,03/01/2026,20:43,21MHz,CW,KF9D,,
V2,KK7LHY,W7W/KG-115,03/01/2026,21:41,14MHz,CW,W4LOO,,
V2,KK7LHY,W7W/KG-115,03/01/2026,21:45,14MHz,CW,W7DZ,,
V2,KK7LHY,W7W/KG-115,03/01/2026,21:55,14MHz,CW,AF8E,,
V2,KK7LHY,W7W/KG-115,03/01/2026,22:22,14MHz,CW,KM7ANM,,
V2,KK7LHY,W7W/KG-095,31/01/2026,00:01,21MHz,CW,N9OHW,,
V2,KK7LHY,W7W/KG-095,31/01/2026,00:02,21MHz,CW,JG0AWE,,
V2,KK7LHY,W7W/KG-095,31/01/2026,00:08,21MHz,CW,JS1IF,,
V2,KK7LHY,W7W/KG-095,31/01/2026,00:12,21MHz,CW,KZ2V,,
V2,KK7LHY,W7W/KG-095,31/01/2026,00:19,21MHz,CW,W6JP,,
V2,KK7LHY,W7W/KG-095,31/01/2026,21:59,144MHz,CW,WA7BEN,,
V2,KK7LHY,W7W/KG-095,31/01/2026,22:00,144MHz,CW,K7III,,
V2,KK7LHY,W7W/KG-095,31/01/2026,22:11,144MHz,CW,AJ7CM,,
V2,KK7LHY,W7W/KG-095,31/01/2026,22:18,144MHz,SSB,K7MDL,,
V2,KK7LHY,W7W/KG-095,31/01/2026,22:20,144MHz,SSB,N7NWT,,
V2,KK7LHY,W7W/KG-095,31/01/2026,22:26,144MHz,SSB,VE7US,,
V2,KK7LHY,W7W/KG-095,31/01/2026,22:30,144MHz,SSB,AJ7CM,,
V2,KK7LHY,W7W/KG-095,31/01/2026,22:40,144MHz,FM,K7CL,,
V2,KK7LHY,W7W/KG-095,31/01/2026,22:40,144MHz,FM,W7SJ,,
V2,KK7LHY,W7W/KG-095,31/01/2026,22:41,144MHz,FM,VE7NSP,,
V2,KK7LHY,W7W/KG-095,31/01/2026,22:42,144MHz,FM,WX7EMT,,
V2,KK7LHY,W7W/KG-095,31/01/2026,22:43,144MHz,FM,AJ7CM,,
V2,KK7LHY,W7W/KG-095,31/01/2026,22:44,144MHz,FM,KE7WB,,
V2,KK7LHY,W7W/KG-095,31/01/2026,22:45,144MHz,FM,AE7WE/M,,
V2,KK7LHY,W7W/KG-095,31/01/2026,22:45,144MHz,FM,KM7DAA,,
V2,KK7LHY,W7W/KG-095,31/01/2026,22:46,144MHz,FM,K7RMZ,,
V2,KK7LHY,W7W/KG-095,31/01/2026,22:47,144MHz,FM,K7XH,,
V2,KK7LHY,W7W/KG-095,31/01/2026,23:11,7MHz,CW,N0DNF,,
V2,KK7LHY,W7W/KG-095,31/01/2026,23:15,7MHz,CW,AJ7CM,,
V2,KK7LHY,W7W/KG-095,31/01/2026,23:17,7MHz,CW,NU7A,,
V2,KK7LHY,W7W/KG-095,31/01/2026,23:24,14MHz,CW,N6RUN,,
V2,KK7LHY,W7W/KG-095,31/01/2026,23:25,14MHz,CW,W5ODS,,
V2,KK7LHY,W7W/KG-095,31/01/2026,23:26,14MHz,CW,KF9D,,
V2,KK7LHY,W7W/KG-095,31/01/2026,23:27,14MHz,CW,W0ERI,,
V2,KK7LHY,W7W/KG-095,31/01/2026,23:27,14MHz,CW,W0MNA,,
V2,KK7LHY,W7W/KG-095,31/01/2026,23:28,14MHz,CW,K1CT,,
V2,KK7LHY,W7W/KG-095,31/01/2026,23:29,14MHz,CW,N0TU,,
V2,KK7LHY,W7W/KG-095,31/01/2026,23:31,14MHz,CW,WC6J,,
V2,KK7LHY,W7W/KG-095,31/01/2026,23:34,14MHz,CW,AD8IS,,
V2,KK7LHY,W7W/KG-095,31/01/2026,23:36,14MHz,CW,K9WO,,
V2,KK7LHY,W7W/KG-095,31/01/2026,23:39,14MHz,CW,N6OVP,,
V2,KK7LHY,W7W/KG-095,31/01/2026,23:40,14MHz,CW,K6TOR,,
V2,KK7LHY,W7W/KG-095,31/01/2026,23:45,21MHz,CW,N4TU,,
V2,KK7LHY,W7W/KG-095,31/01/2026,23:49,21MHz,CW,WU7H,,
V2,KK7LHY,W7W/KG-095,31/01/2026,23:49,21MHz,CW,WW7D,,
V2,KK7LHY,W7W/KG-095,31/01/2026,23:51,21MHz,CW,JH1MXV,,
V2,KK7LHY,W7W/KG-095,31/01/2026,23:52,21MHz,CW,W7ODO,,
V2,KK7LHY,W7W/KG-095,31/01/2026,23:53,21MHz,CW,KE7DZ,,
V2,KK7LHY,W7W/KG-095,31/01/2026,23:55,21MHz,CW,N0GN,,
V2,KK7LHY,W7W/KG-095,31/01/2026,23:56,21MHz,CW,JG0AWE,,
V2,KK7LHY,W7W/KG-095,31/01/2026,23:59,21MHz,CW,JS1IF,,
V2,KK7LHY,W6/NS-061,06/03/2026,22:55,144MHz,FM,K6FUZ,,
V2,KK7LHY,W6/NS-061,06/03/2026,22:55,144MHz,FM,AG7E,,
V2,KK7LHY,W6/NS-061,06/03/2026,23:29,7MHz,CW,WU7H,,
V2,KK7LHY,W6/NS-061,06/03/2026,23:32,7MHz,CW,N6RUN,,
V2,KK7LHY,W6/NS-061,06/03/2026,23:34,7MHz,CW,KN6FKQ,,
V2,KK7LHY,W6/NS-061,06/03/2026,23:36,7MHz,CW,WW7D,,
V2,KK7LHY,W6/NS-061,06/03/2026,23:37,7MHz,CW,KK6MT,,
V2,KK7LHY,W6/NS-061,06/03/2026,23:39,7MHz,CW,KF7WI,,
V2,KK7LHY,W6/NS-061,06/03/2026,23:41,7MHz,CW,W7GA,,
V2,KK7LHY,W7W/PL-063,23/03/2026,00:27,144MHz,FM,K6IR,,
V2,KK7LHY,W7W/PL-063,23/03/2026,00:27,144MHz,FM,WW7D,,
V2,KK7LHY,W7W/PL-063,23/03/2026,00:32,144MHz,FM,K7HSG,,
V2,KK7LHY,W7W/PL-063,23/03/2026,00:40,144MHz,FM,N7NWT,,
V2,KK7LHY,W7W/PL-063,23/03/2026,01:03,144MHz,CW,WU7H,,
V2,KK7LHY,W7W/PL-063,23/03/2026,01:04,144MHz,CW,K5EM,,
V2,KK7LHY,W7W/PL-063,23/03/2026,01:05,144MHz,CW,AJ7CM,,
V2,KK7LHY,W7W/PL-063,23/03/2026,01:11,144MHz,CW,N7NWT,,
V2,KK7LHY,W7W/PL-063,23/03/2026,01:13,144MHz,CW,WW7D,,
V2,KK7LHY,W7W/PL-063,23/03/2026,01:31,144MHz,CW,WU7H,,
V2,KK7LHY,W7W/PL-063,23/03/2026,01:35,144MHz,CW,WA7BEN,,
V2,KK7LHY,W7W/PL-063,23/03/2026,01:40,144MHz,CW,K5EM,,
V2,KK7LHY,W7W/PL-063,23/03/2026,13:11,14MHz,CW,WA7BEN,,
V2,KK7LHY,W7W/PL-063,23/03/2026,13:20,14MHz,CW,KF9D,,
V2,KK7LHY,W7W/PL-063,23/03/2026,13:36,7MHz,DATA,KC7QY,,
V2,KK7LHY,W7W/PL-063,23/03/2026,13:40,7MHz,DATA,KK7PZE,,
V2,KK7LHY,W7W/WH-187,29/03/2026,20:29,7MHz,CW,WA7BEN,,
V2,KK7LHY,W7W/WH-187,29/03/2026,20:32,7MHz,CW,VE7EA,,
V2,KK7LHY,W7W/WH-187,29/03/2026,20:33,7MHz,CW,WW7D,,
V2,KK7LHY,W7W/WH-187,29/03/2026,20:35,7MHz,CW,AE7WE,,
V2,KK7LHY,W7W/WH-187,29/03/2026,20:45,14MHz,CW,KI6BEH,,
V2,KK7LHY,W7W/WH-187,29/03/2026,20:47,14MHz,CW,N4TU,,
V2,KK7LHY,W7W/WH-187,29/03/2026,20:48,14MHz,CW,WA7JTM,,
V2,KK7LHY,W7W/WH-187,29/03/2026,20:54,14MHz,CW,KB7HH,,
V2,KK7LHY,W7W/WH-187,29/03/2026,20:56,14MHz,CW,7N1FRE,,
V2,KK7LHY,W7W/WH-187,29/03/2026,20:57,14MHz,CW,K6YK,,
V2,KK7LHY,W7W/WH-187,29/03/2026,20:59,14MHz,CW,WB6POT,,
V2,KK7LHY,W7W/WH-187,29/03/2026,21:13,21MHz,CW,K2JB,,
V2,KK7LHY,W7W/WH-187,29/03/2026,21:16,21MHz,CW,W4JKC,,
V2,KK7LHY,W7W/WH-187,29/03/2026,21:19,21MHz,CW,AK5SD,,
V2,KK7LHY,W7W/WH-187,29/03/2026,21:21,21MHz,CW,JH1MXV,,
V2,KK7LHY,W7W/WH-187,29/03/2026,21:28,21MHz,CW,WA7JTM,,
V2,KK7LHY,W7W/WH-187,29/03/2026,21:35,14MHz,CW,K6STR,,
V2,KK7LHY,W7W/WH-187,29/03/2026,22:08,144MHz,FM,KF7JQV,,
V2,KK7LHY,W7W/SN-163,04/04/2026,19:39,144MHz,CW,KJ7LLS,,
V2,KK7LHY,W7W/SN-163,04/04/2026,19:39,144MHz,CW,AE7WE,,
V2,KK7LHY,W7W/SN-163,04/04/2026,19:50,144MHz,CW,AB9BH,,
V2,KK7LHY,W7W/SN-163,04/04/2026,20:11,144MHz,CW,WU7H,,
V2,KK7LHY,W7W/SN-163,04/04/2026,20:12,144MHz,CW,WW7D,,
V2,KK7LHY,W6/NC-423,10/04/2026,15:06,7MHz,CW,NW7E,,
V2,KK7LHY,W6/NC-423,10/04/2026,15:08,7MHz,CW,JG0AWE,,
V2,KK7LHY,W6/NC-423,10/04/2026,15:11,7MHz,CW,NT6E,,
V2,KK7LHY,W6/NC-423,10/04/2026,15:14,7MHz,CW,WW7D,,
V2,KK7LHY,W6/NC-423,10/04/2026,15:15,7MHz,CW,WU7H,,
V2,KK7LHY,W6/NC-423,10/04/2026,15:15,7MHz,CW,KN6OMN,,
